LocalTime, GPSTime, ESSID, BSSID, Power, Security, Latitude, Longitude, Latitude Error, Longitude Error, Type
2026-08-31 20:44:32,1900-01-00 00:00:00,,A6:C0:2B:A6:3B:4E,-39, ,0.000000,0.000000,0.000,0.000,AP
2026-08-31 20:44:32,1900-01-00 00:00:00,◤rǝs_ʎɐʞ♡,A6:C0:2B:A6:3B:4E,-39, WPA2 ,0.000000,0.000000,0.000,0.000,AP
2026-08-31 20:44:32,1900-01-00 00:00:00,◤rǝs_ʎɐʞ♡,A6:C0:2B:A6:3B:4E,-39, WPA2 ,0.000000,0.000000,0.000,0.000,AP
2026-08-31 20:44:33,1900-01-00 00:00:00,,88:B1:11:6C:63:8A,-31,,0.000000,0.000000,0.000,0.000,Client
2026-08-31 20:44:33,1900-01-00 00:00:00,◤rǝs_ʎɐʞ♡,A6:C0:2B:A6:3B:4E,-43, WPA2 ,0.000000,0.000000,0.000,0.000,AP
2026-08-31 20:44:33,1900-01-00 00:00:00,◤rǝs_ʎɐʞ♡,A6:C0:2B:A6:3B:4E,-43, WPA2 ,0.000000,0.000000,0.000,0.000,AP
2026-08-31 20:44:33,1900-01-00 00:00:00,◤rǝs_ʎɐʞ♡,A6:C0:2B:A6:3B:4E,-43, WPA2 ,0.000000,0.000000,0.000,0.000,AP
2026-08-31 20:44:33,1900-01-00 00:00:00,◤rǝs_ʎɐʞ♡,A6:C0:2B:A6:3B:4E,-43, WPA2 ,0.000000,0.000000,0.000,0.000,AP
2026-08-31 20:44:33,1900-01-00 00:00:00,◤rǝs_ʎɐʞ♡,A6:C0:2B:A6:3B:4E,-39, WPA2 ,0.000000,0.000000,0.000,0.000,AP
2026-08-31 20:44:33,1900-01-00 00:00:00,◤rǝs_ʎɐʞ♡,A6:C0:2B:A6:3B:4E,-43, WPA2 ,0.000000,0.000000,0.000,0.000,AP
2026-08-31 20:44:33,1900-01-00 00:00:00,◤rǝs_ʎɐʞ♡,A6:C0:2B:A6:3B:4E,-39, WPA2 ,0.000000,0.000000,0.000,0.000,AP
2026-08-31 20:44:33,1900-01-00 00:00:00,◤rǝs_ʎɐʞ♡,A6:C0:2B:A6:3B:4E,-43, WPA2 ,0.000000,0.000000,0.000,0.000,AP
2026-08-31 20:44:33,1900-01-00 00:00:00,◤rǝs_ʎɐʞ♡,A6:C0:2B:A6:3B:4E,-34, WPA2 ,0.000000,0.000000,0.000,0.000,AP
2026-08-31 20:44:33,1900-01-00 00:00:00,◤rǝs_ʎɐʞ♡,A6:C0:2B:A6:3B:4E,-43, WPA2 ,0.000000,0.000000,0.000,0.000,AP
2026-08-31 20:44:34,1900-01-00 00:00:00,◤rǝs_ʎɐʞ♡,A6:C0:2B:A6:3B:4E,-39, WPA2 ,0.000000,0.000000,0.000,0.000,AP
2026-08-31 20:44:34,1900-01-00 00:00:00,,88:B1:11:6C:63:8A,-32,,0.000000,0.000000,0.000,0.000,Client
2026-08-31 20:44:34,1900-01-00 00:00:00,◤rǝs_ʎɐʞ♡,A6:C0:2B:A6:3B:4E,-39, WPA2 ,0.000000,0.000000,0.000,0.000,AP
2026-08-31 20:44:34,1900-01-00 00:00:00,,88:B1:11:6C:63:8A,-32,,0.000000,0.000000,0.000,0.000,Client
2026-08-31 20:44:34,1900-01-00 00:00:00,◤rǝs_ʎɐʞ♡,A6:C0:2B:A6:3B:4E,-43, WPA2 ,0.000000,0.000000,0.000,0.000,AP
2026-08-31 20:44:34,1900-01-00 00:00:00,◤rǝs_ʎɐʞ♡,A6:C0:2B:A6:3B:4E,-43, WPA2 ,0.000000,0.000000,0.000,0.000,AP
2026-08-31 20:44:34,1900-01-00 00:00:00,◤rǝs_ʎɐʞ♡,A6:C0:2B:A6:3B:4E,-34, WPA2 ,0.000000,0.000000,0.000,0.000,AP
2026-08-31 20:44:34,1900-01-00 00:00:00,◤rǝs_ʎɐʞ♡,A6:C0:2B:A6:3B:4E,-39, WPA2 ,0.000000,0.000000,0.000,0.000,AP
2026-08-31 20:44:34,1900-01-00 00:00:00,◤rǝs_ʎɐʞ♡,A6:C0:2B:A6:3B:4E,-39, WPA2 ,0.000000,0.000000,0.000,0.000,AP
2026-08-31 20:44:34,1900-01-00 00:00:00,◤rǝs_ʎɐʞ♡,A6:C0:2B:A6:3B:4E,-43, WPA2 ,0.000000,0.000000,0.000,0.000,AP
2026-08-31 20:44:34,1900-01-00 00:00:00,◤rǝs_ʎɐʞ♡,A6:C0:2B:A6:3B:4E,-30, WPA2 ,0.000000,0.000000,0.000,0.000,AP
2026-08-31 20:44:35,1900-01-00 00:00:00,◤rǝs_ʎɐʞ♡,A6:C0:2B:A6:3B:4E,-39, WPA2 ,0.000000,0.000000,0.000,0.000,AP
2026-08-31 20:44:35,1900-01-00 00:00:00,◤rǝs_ʎɐʞ♡,A6:C0:2B:A6:3B:4E,-43, WPA2 ,0.000000,0.000000,0.000,0.000,AP
2026-08-31 20:44:35,1900-01-00 00:00:00,◤rǝs_ʎɐʞ♡,A6:C0:2B:A6:3B:4E,-30, WPA2 ,0.000000,0.000000,0.000,0.000,AP
2026-08-31 20:44:35,1900-01-00 00:00:00,◤rǝs_ʎɐʞ♡,A6:C0:2B:A6:3B:4E,-43, WPA2 ,0.000000,0.000000,0.000,0.000,AP
2026-08-31 20:44:35,1900-01-00 00:00:00,◤rǝs_ʎɐʞ♡,A6:C0:2B:A6:3B:4E,-34, WPA2 ,0.000000,0.000000,0.000,0.000,AP
2026-08-31 20:44:35,1900-01-00 00:00:00,◤rǝs_ʎɐʞ♡,A6:C0:2B:A6:3B:4E,-43, WPA2 ,0.000000,0.000000,0.000,0.000,AP
2026-08-31 20:44:35,1900-01-00 00:00:00,◤rǝs_ʎɐʞ♡,A6:C0:2B:A6:3B:4E,-43, WPA2 ,0.000000,0.000000,0.000,0.000,AP
2026-08-31 20:44:35,1900-01-00 00:00:00,◤rǝs_ʎɐʞ♡,A6:C0:2B:A6:3B:4E,-43, WPA2 ,0.000000,0.000000,0.000,0.000,AP
2026-08-31 20:44:35,1900-01-00 00:00:00,◤rǝs_ʎɐʞ♡,A6:C0:2B:A6:3B:4E,-43, WPA2 ,0.000000,0.000000,0.000,0.000,AP
2026-08-31 20:44:35,1900-01-00 00:00:00,◤rǝs_ʎɐʞ♡,A6:C0:2B:A6:3B:4E,-43, WPA2 ,0.000000,0.000000,0.000,0.000,AP
2026-08-31 20:44:36,1900-01-00 00:00:00,◤rǝs_ʎɐʞ♡,A6:C0:2B:A6:3B:4E,-30, WPA2 ,0.000000,0.000000,0.000,0.000,AP
2026-08-31 20:44:36,1900-01-00 00:00:00,◤rǝs_ʎɐʞ♡,A6:C0:2B:A6:3B:4E,-30, WPA2 ,0.000000,0.000000,0.000,0.000,AP
2026-08-31 20:44:36,1900-01-00 00:00:00,,88:B1:11:6C:63:8A,-31,,0.000000,0.000000,0.000,0.000,Client
2026-08-31 20:44:36,1900-01-00 00:00:00,◤rǝs_ʎɐʞ♡,A6:C0:2B:A6:3B:4E,-34, WPA2 ,0.000000,0.000000,0.000,0.000,AP
2026-08-31 20:44:36,1900-01-00 00:00:00,◤rǝs_ʎɐʞ♡,A6:C0:2B:A6:3B:4E,-39, WPA2 ,0.000000,0.000000,0.000,0.000,AP
2026-08-31 20:44:36,1900-01-00 00:00:00,◤rǝs_ʎɐʞ♡,A6:C0:2B:A6:3B:4E,-43, WPA2 ,0.000000,0.000000,0.000,0.000,AP
2026-08-31 20:44:36,1900-01-00 00:00:00,◤rǝs_ʎɐʞ♡,A6:C0:2B:A6:3B:4E,-43, WPA2 ,0.000000,0.000000,0.000,0.000,AP
2026-08-31 20:44:36,1900-01-00 00:00:00,,88:B1:11:6C:63:8A,-31,,0.000000,0.000000,0.000,0.000,Client
2026-08-31 20:44:36,1900-01-00 00:00:00,◤rǝs_ʎɐʞ♡,A6:C0:2B:A6:3B:4E,-43, WPA2 ,0.000000,0.000000,0.000,0.000,AP
2026-08-31 20:44:36,1900-01-00 00:00:00,◤rǝs_ʎɐʞ♡,A6:C0:2B:A6:3B:4E,-83, WPA2 ,0.000000,0.000000,0.000,0.000,AP
2026-08-31 20:44:36,1900-01-00 00:00:00,◤rǝs_ʎɐʞ♡,A6:C0:2B:A6:3B:4E,-43, WPA2 ,0.000000,0.000000,0.000,0.000,AP
2026-08-31 20:44:36,1900-01-00 00:00:00,◤rǝs_ʎɐʞ♡,A6:C0:2B:A6:3B:4E,-43, WPA2 ,0.000000,0.000000,0.000,0.000,AP
2026-08-31 20:44:37,1900-01-00 00:00:00,◤rǝs_ʎɐʞ♡,A6:C0:2B:A6:3B:4E,-43, WPA2 ,0.000000,0.000000,0.000,0.000,AP
2026-08-31 20:44:37,1900-01-00 00:00:00,,88:B1:11:6C:63:8A,-31,,0.000000,0.000000,0.000,0.000,Client
2026-08-31 20:44:37,1900-01-00 00:00:00,◤rǝs_ʎɐʞ♡,A6:C0:2B:A6:3B:4E,-34, WPA2 ,0.000000,0.000000,0.000,0.000,AP
2026-08-31 20:44:37,1900-01-00 00:00:00,◤rǝs_ʎɐʞ♡,A6:C0:2B:A6:3B:4E,-43, WPA2 ,0.000000,0.000000,0.000,0.000,AP
2026-08-31 20:44:37,1900-01-00 00:00:00,,88:B1:11:6C:63:8A,-31,,0.000000,0.000000,0.000,0.000,Client
2026-08-31 20:44:37,1900-01-00 00:00:00,◤rǝs_ʎɐʞ♡,A6:C0:2B:A6:3B:4E,-43, WPA2 ,0.000000,0.000000,0.000,0.000,AP
2026-08-31 20:44:37,1900-01-00 00:00:00,◤rǝs_ʎɐʞ♡,A6:C0:2B:A6:3B:4E,-43, WPA2 ,0.000000,0.000000,0.000,0.000,AP
2026-08-31 20:44:37,1900-01-00 00:00:00,◤rǝs_ʎɐʞ♡,A6:C0:2B:A6:3B:4E,-43, WPA2 ,0.000000,0.000000,0.000,0.000,AP
2026-08-31 20:44:37,1900-01-00 00:00:00,◤rǝs_ʎɐʞ♡,A6:C0:2B:A6:3B:4E,-43, WPA2 ,0.000000,0.000000,0.000,0.000,AP
2026-08-31 20:44:37,1900-01-00 00:00:00,◤rǝs_ʎɐʞ♡,A6:C0:2B:A6:3B:4E,-34, WPA2 ,0.000000,0.000000,0.000,0.000,AP
2026-08-31 20:44:37,1900-01-00 00:00:00,◤rǝs_ʎɐʞ♡,A6:C0:2B:A6:3B:4E,-43, WPA2 ,0.000000,0.000000,0.000,0.000,AP
2026-08-31 20:44:37,1900-01-00 00:00:00,◤rǝs_ʎɐʞ♡,A6:C0:2B:A6:3B:4E,-43, WPA2 ,0.000000,0.000000,0.000,0.000,AP
2026-08-31 20:44:38,1900-01-00 00:00:00,◤rǝs_ʎɐʞ♡,A6:C0:2B:A6:3B:4E,-34, WPA2 ,0.000000,0.000000,0.000,0.000,AP
2026-08-31 20:44:38,1900-01-00 00:00:00,◤rǝs_ʎɐʞ♡,A6:C0:2B:A6:3B:4E,-43, WPA2 ,0.000000,0.000000,0.000,0.000,AP
2026-08-31 20:44:38,1900-01-00 00:00:00,◤rǝs_ʎɐʞ♡,A6:C0:2B:A6:3B:4E,-43, WPA2 ,0.000000,0.000000,0.000,0.000,AP
2026-08-31 20:44:38,1900-01-00 00:00:00,◤rǝs_ʎɐʞ♡,A6:C0:2B:A6:3B:4E,-30, WPA2 ,0.000000,0.000000,0.000,0.000,AP
2026-08-31 20:44:38,1900-01-00 00:00:00,◤rǝs_ʎɐʞ♡,A6:C0:2B:A6:3B:4E,-43, WPA2 ,0.000000,0.000000,0.000,0.000,AP
2026-08-31 20:44:38,1900-01-00 00:00:00,◤rǝs_ʎɐʞ♡,A6:C0:2B:A6:3B:4E,-35, WPA2 ,0.000000,0.000000,0.000,0.000,AP
2026-08-31 20:44:38,1900-01-00 00:00:00,◤rǝs_ʎɐʞ♡,A6:C0:2B:A6:3B:4E,-43, WPA2 ,0.000000,0.000000,0.000,0.000,AP
2026-08-31 20:44:38,1900-01-00 00:00:00,◤rǝs_ʎɐʞ♡,A6:C0:2B:A6:3B:4E,-43, WPA2 ,0.000000,0.000000,0.000,0.000,AP
2026-08-31 20:44:39,1900-01-00 00:00:00,◤rǝs_ʎɐʞ♡,A6:C0:2B:A6:3B:4E,-39, WPA2 ,0.000000,0.000000,0.000,0.000,AP
2026-08-31 20:44:39,1900-01-00 00:00:00,◤rǝs_ʎɐʞ♡,A6:C0:2B:A6:3B:4E,-43, WPA2 ,0.000000,0.000000,0.000,0.000,AP
2026-08-31 20:44:39,1900-01-00 00:00:00,◤rǝs_ʎɐʞ♡,A6:C0:2B:A6:3B:4E,-30, WPA2 ,0.000000,0.000000,0.000,0.000,AP
2026-08-31 20:44:39,1900-01-00 00:00:00,◤rǝs_ʎɐʞ♡,A6:C0:2B:A6:3B:4E,-43, WPA2 ,0.000000,0.000000,0.000,0.000,AP
2026-08-31 20:44:39,1900-01-00 00:00:00,◤rǝs_ʎɐʞ♡,A6:C0:2B:A6:3B:4E,-34, WPA2 ,0.000000,0.000000,0.000,0.000,AP
2026-08-31 20:44:39,1900-01-00 00:00:00,◤rǝs_ʎɐʞ♡,A6:C0:2B:A6:3B:4E,-34, WPA2 ,0.000000,0.000000,0.000,0.000,AP
2026-08-31 20:44:39,1900-01-00 00:00:00,◤rǝs_ʎɐʞ♡,A6:C0:2B:A6:3B:4E,-43, WPA2 ,0.000000,0.000000,0.000,0.000,AP
2026-08-31 20:44:39,1900-01-00 00:00:00,◤rǝs_ʎɐʞ♡,A6:C0:2B:A6:3B:4E,-43, WPA2 ,0.000000,0.000000,0.000,0.000,AP
2026-08-31 20:44:39,1900-01-00 00:00:00,◤rǝs_ʎɐʞ♡,A6:C0:2B:A6:3B:4E,-39, WPA2 ,0.000000,0.000000,0.000,0.000,AP
2026-08-31 20:44:40,1900-01-00 00:00:00,◤rǝs_ʎɐʞ♡,A6:C0:2B:A6:3B:4E,-43, WPA2 ,0.000000,0.000000,0.000,0.000,AP
2026-08-31 20:44:40,1900-01-00 00:00:00,◤rǝs_ʎɐʞ♡,A6:C0:2B:A6:3B:4E,-39, WPA2 ,0.000000,0.000000,0.000,0.000,AP
2026-08-31 20:44:40,1900-01-00 00:00:00,◤rǝs_ʎɐʞ♡,A6:C0:2B:A6:3B:4E,-43, WPA2 ,0.000000,0.000000,0.000,0.000,AP
2026-08-31 20:44:40,1900-01-00 00:00:00,◤rǝs_ʎɐʞ♡,A6:C0:2B:A6:3B:4E,-39, WPA2 ,0.000000,0.000000,0.000,0.000,AP
2026-08-31 20:44:40,1900-01-00 00:00:00,◤rǝs_ʎɐʞ♡,A6:C0:2B:A6:3B:4E,-39, WPA2 ,0.000000,0.000000,0.000,0.000,AP
2026-08-31 20:44:40,1900-01-00 00:00:00,◤rǝs_ʎɐʞ♡,A6:C0:2B:A6:3B:4E,-43, WPA2 ,0.000000,0.000000,0.000,0.000,AP
2026-08-31 20:44:40,1900-01-00 00:00:00,◤rǝs_ʎɐʞ♡,A6:C0:2B:A6:3B:4E,-43, WPA2 ,0.000000,0.000000,0.000,0.000,AP
2026-08-31 20:44:40,1900-01-00 00:00:00,◤rǝs_ʎɐʞ♡,A6:C0:2B:A6:3B:4E,-43, WPA2 ,0.000000,0.000000,0.000,0.000,AP
2026-08-31 20:44:40,1900-01-00 00:00:00,◤rǝs_ʎɐʞ♡,A6:C0:2B:A6:3B:4E,-43, WPA2 ,0.000000,0.000000,0.000,0.000,AP
2026-08-31 20:44:40,1900-01-00 00:00:00,◤rǝs_ʎɐʞ♡,A6:C0:2B:A6:3B:4E,-43, WPA2 ,0.000000,0.000000,0.000,0.000,AP
2026-08-31 20:44:41,1900-01-00 00:00:00,◤rǝs_ʎɐʞ♡,A6:C0:2B:A6:3B:4E,-43, WPA2 ,0.000000,0.000000,0.000,0.000,AP
2026-08-31 20:44:41,1900-01-00 00:00:00,◤rǝs_ʎɐʞ♡,A6:C0:2B:A6:3B:4E,-43, WPA2 ,0.000000,0.000000,0.000,0.000,AP
2026-08-31 20:44:41,1900-01-00 00:00:00,◤rǝs_ʎɐʞ♡,A6:C0:2B:A6:3B:4E,-43, WPA2 ,0.000000,0.000000,0.000,0.000,AP
2026-08-31 20:44:41,1900-01-00 00:00:00,◤rǝs_ʎɐʞ♡,A6:C0:2B:A6:3B:4E,-43, WPA2 ,0.000000,0.000000,0.000,0.000,AP
2026-08-31 20:44:41,1900-01-00 00:00:00,◤rǝs_ʎɐʞ♡,A6:C0:2B:A6:3B:4E,-43, WPA2 ,0.000000,0.000000,0.000,0.000,AP
2026-08-31 20:44:41,1900-01-00 00:00:00,◤rǝs_ʎɐʞ♡,A6:C0:2B:A6:3B:4E,-43, WPA2 ,0.000000,0.000000,0.000,0.000,AP
2026-08-31 20:44:41,1900-01-00 00:00:00,◤rǝs_ʎɐʞ♡,A6:C0:2B:A6:3B:4E,-43, WPA2 ,0.000000,0.000000,0.000,0.000,AP
2026-08-31 20:44:41,1900-01-00 00:00:00,◤rǝs_ʎɐʞ♡,A6:C0:2B:A6:3B:4E,-43, WPA2 ,0.000000,0.000000,0.000,0.000,AP
2026-08-31 20:44:42,1900-01-00 00:00:00,◤rǝs_ʎɐʞ♡,A6:C0:2B:A6:3B:4E,-43, WPA2 ,0.000000,0.000000,0.000,0.000,AP
2026-08-31 20:44:42,1900-01-00 00:00:00,◤rǝs_ʎɐʞ♡,A6:C0:2B:A6:3B:4E,-39, WPA2 ,0.000000,0.000000,0.000,0.000,AP
2026-08-31 20:44:42,1900-01-00 00:00:00,◤rǝs_ʎɐʞ♡,A6:C0:2B:A6:3B:4E,-43, WPA2 ,0.000000,0.000000,0.000,0.000,AP
2026-08-31 20:44:42,1900-01-00 00:00:00,◤rǝs_ʎɐʞ♡,A6:C0:2B:A6:3B:4E,-43, WPA2 ,0.000000,0.000000,0.000,0.000,AP
2026-08-31 20:44:42,1900-01-00 00:00:00,◤rǝs_ʎɐʞ♡,A6:C0:2B:A6:3B:4E,-34, WPA2 ,0.000000,0.000000,0.000,0.000,AP
2026-08-31 20:44:42,1900-01-00 00:00:00,,88:B1:11:6C:63:8A,-30,,0.000000,0.000000,0.000,0.000,Client
2026-08-31 20:44:42,1900-01-00 00:00:00,,88:B1:11:6C:63:8A,-30,,0.000000,0.000000,0.000,0.000,Client
2026-08-31 20:44:42,1900-01-00 00:00:00,,88:B1:11:6C:63:8A,-30,,0.000000,0.000000,0.000,0.000,Client
2026-08-31 20:44:42,1900-01-00 00:00:00,◤rǝs_ʎɐʞ♡,A6:C0:2B:A6:3B:4E,-39, WPA2 ,0.000000,0.000000,0.000,0.000,AP
2026-08-31 20:44:42,1900-01-00 00:00:00,◤rǝs_ʎɐʞ♡,A6:C0:2B:A6:3B:4E,-43, WPA2 ,0.000000,0.000000,0.000,0.000,AP
2026-08-31 20:44:42,1900-01-00 00:00:00,◤rǝs_ʎɐʞ♡,A6:C0:2B:A6:3B:4E,-34, WPA2 ,0.000000,0.000000,0.000,0.000,AP
2026-08-31 20:44:42,1900-01-00 00:00:00,,88:B1:11:6C:63:8A,-30,,0.000000,0.000000,0.000,0.000,Client
2026-08-31 20:44:42,1900-01-00 00:00:00,◤rǝs_ʎɐʞ♡,A6:C0:2B:A6:3B:4E,-30, WPA2 ,0.000000,0.000000,0.000,0.000,AP
2026-08-31 20:44:43,1900-01-00 00:00:00,◤rǝs_ʎɐʞ♡,A6:C0:2B:A6:3B:4E,-43, WPA2 ,0.000000,0.000000,0.000,0.000,AP
2026-08-31 20:44:43,1900-01-00 00:00:00,◤rǝs_ʎɐʞ♡,A6:C0:2B:A6:3B:4E,-43, WPA2 ,0.000000,0.000000,0.000,0.000,AP
2026-08-31 20:44:43,1900-01-00 00:00:00,◤rǝs_ʎɐʞ♡,A6:C0:2B:A6:3B:4E,-43, WPA2 ,0.000000,0.000000,0.000,0.000,AP
2026-08-31 20:44:43,1900-01-00 00:00:00,,88:B1:11:6C:63:8A,-31,,0.000000,0.000000,0.000,0.000,Client
2026-08-31 20:44:43,1900-01-00 00:00:00,,88:B1:11:6C:63:8A,-30,,0.000000,0.000000,0.000,0.000,Client
2026-08-31 20:44:43,1900-01-00 00:00:00,◤rǝs_ʎɐʞ♡,A6:C0:2B:A6:3B:4E,-43, WPA2 ,0.000000,0.000000,0.000,0.000,AP
2026-08-31 20:44:43,1900-01-00 00:00:00,,88:B1:11:6C:63:8A,-32,,0.000000,0.000000,0.000,0.000,Client
2026-08-31 20:44:43,1900-01-00 00:00:00,,88:B1:11:6C:63:8A,-31,,0.000000,0.000000,0.000,0.000,Client
2026-08-31 20:44:43,1900-01-00 00:00:00,,88:B1:11:6C:63:8A,-31,,0.000000,0.000000,0.000,0.000,Client
2026-08-31 20:44:43,1900-01-00 00:00:00,,88:B1:11:6C:63:8A,-30,,0.000000,0.000000,0.000,0.000,Client
2026-08-31 20:44:43,1900-01-00 00:00:00,◤rǝs_ʎɐʞ♡,A6:C0:2B:A6:3B:4E,-43, WPA2 ,0.000000,0.000000,0.000,0.000,AP
2026-08-31 20:44:43,1900-01-00 00:00:00,,88:B1:11:6C:63:8A,-32,,0.000000,0.000000,0.000,0.000,Client
2026-08-31 20:44:43,1900-01-00 00:00:00,◤rǝs_ʎɐʞ♡,A6:C0:2B:A6:3B:4E,-39, WPA2 ,0.000000,0.000000,0.000,0.000,AP
2026-08-31 20:44:43,1900-01-00 00:00:00,◤rǝs_ʎɐʞ♡,A6:C0:2B:A6:3B:4E,-39, WPA2 ,0.000000,0.000000,0.000,0.000,AP
2026-08-31 20:44:43,1900-01-00 00:00:00,◤rǝs_ʎɐʞ♡,A6:C0:2B:A6:3B:4E,-43, WPA2 ,0.000000,0.000000,0.000,0.000,AP
2026-08-31 20:44:43,1900-01-00 00:00:00,◤rǝs_ʎɐʞ♡,A6:C0:2B:A6:3B:4E,-34, WPA2 ,0.000000,0.000000,0.000,0.000,AP
2026-08-31 20:44:44,1900-01-00 00:00:00,◤rǝs_ʎɐʞ♡,A6:C0:2B:A6:3B:4E,-30, WPA2 ,0.000000,0.000000,0.000,0.000,AP
2026-08-31 20:44:44,1900-01-00 00:00:00,◤rǝs_ʎɐʞ♡,A6:C0:2B:A6:3B:4E,-39, WPA2 ,0.000000,0.000000,0.000,0.000,AP
2026-08-31 20:44:44,1900-01-00 00:00:00,◤rǝs_ʎɐʞ♡,A6:C0:2B:A6:3B:4E,-30, WPA2 ,0.000000,0.000000,0.000,0.000,AP
2026-08-31 20:44:44,1900-01-00 00:00:00,◤rǝs_ʎɐʞ♡,A6:C0:2B:A6:3B:4E,-39, WPA2 ,0.000000,0.000000,0.000,0.000,AP
2026-08-31 20:44:44,1900-01-00 00:00:00,,88:B1:11:6C:63:8A,-30,,0.000000,0.000000,0.000,0.000,Client
2026-08-31 20:44:44,1900-01-00 00:00:00,,88:B1:11:6C:63:8A,-30,,0.000000,0.000000,0.000,0.000,Client
2026-08-31 20:44:44,1900-01-00 00:00:00,,88:B1:11:6C:63:8A,-30,,0.000000,0.000000,0.000,0.000,Client
2026-08-31 20:44:44,1900-01-00 00:00:00,◤rǝs_ʎɐʞ♡,A6:C0:2B:A6:3B:4E,-43, WPA2 ,0.000000,0.000000,0.000,0.000,AP
2026-08-31 20:44:44,1900-01-00 00:00:00,,88:B1:11:6C:63:8A,-31,,0.000000,0.000000,0.000,0.000,Client
2026-08-31 20:44:44,1900-01-00 00:00:00,◤rǝs_ʎɐʞ♡,A6:C0:2B:A6:3B:4E,-39, WPA2 ,0.000000,0.000000,0.000,0.000,AP
2026-08-31 20:44:44,1900-01-00 00:00:00,◤rǝs_ʎɐʞ♡,A6:C0:2B:A6:3B:4E,-39, WPA2 ,0.000000,0.000000,0.000,0.000,AP
2026-08-31 20:44:44,1900-01-00 00:00:00,,88:B1:11:6C:63:8A,-30,,0.000000,0.000000,0.000,0.000,Client
2026-08-31 20:44:44,1900-01-00 00:00:00,,88:B1:11:6C:63:8A,-30,,0.000000,0.000000,0.000,0.000,Client
2026-08-31 20:44:44,1900-01-00 00:00:00,,88:B1:11:6C:63:8A,-30,,0.000000,0.000000,0.000,0.000,Client
2026-08-31 20:44:44,1900-01-00 00:00:00,◤rǝs_ʎɐʞ♡,A6:C0:2B:A6:3B:4E,-43, WPA2 ,0.000000,0.000000,0.000,0.000,AP
2026-08-31 20:44:44,1900-01-00 00:00:00,◤rǝs_ʎɐʞ♡,A6:C0:2B:A6:3B:4E,-43, WPA2 ,0.000000,0.000000,0.000,0.000,AP
2026-08-31 20:44:45,1900-01-00 00:00:00,,88:B1:11:6C:63:8A,-30,,0.000000,0.000000,0.000,0.000,Client
2026-08-31 20:44:45,1900-01-00 00:00:00,◤rǝs_ʎɐʞ♡,A6:C0:2B:A6:3B:4E,-43, WPA2 ,0.000000,0.000000,0.000,0.000,AP
2026-08-31 20:44:45,1900-01-00 00:00:00,◤rǝs_ʎɐʞ♡,A6:C0:2B:A6:3B:4E,-43, WPA2 ,0.000000,0.000000,0.000,0.000,AP
2026-08-31 20:44:45,1900-01-00 00:00:00,◤rǝs_ʎɐʞ♡,A6:C0:2B:A6:3B:4E,-43, WPA2 ,0.000000,0.000000,0.000,0.000,AP
2026-08-31 20:44:45,1900-01-00 00:00:00,◤rǝs_ʎɐʞ♡,A6:C0:2B:A6:3B:4E,-43, WPA2 ,0.000000,0.000000,0.000,0.000,AP
2026-08-31 20:44:45,1900-01-00 00:00:00,◤rǝs_ʎɐʞ♡,A6:C0:2B:A6:3B:4E,-43, WPA2 ,0.000000,0.000000,0.000,0.000,AP
2026-08-31 20:44:45,1900-01-00 00:00:00,◤rǝs_ʎɐʞ♡,A6:C0:2B:A6:3B:4E,-43, WPA2 ,0.000000,0.000000,0.000,0.000,AP
2026-08-31 20:44:45,1900-01-00 00:00:00,◤rǝs_ʎɐʞ♡,A6:C0:2B:A6:3B:4E,-39, WPA2 ,0.000000,0.000000,0.000,0.000,AP
2026-08-31 20:44:45,1900-01-00 00:00:00,◤rǝs_ʎɐʞ♡,A6:C0:2B:A6:3B:4E,-43, WPA2 ,0.000000,0.000000,0.000,0.000,AP
2026-08-31 20:44:45,1900-01-00 00:00:00,,88:B1:11:6C:63:8A,-32,,0.000000,0.000000,0.000,0.000,Client
2026-08-31 20:44:45,1900-01-00 00:00:00,,88:B1:11:6C:63:8A,-32,,0.000000,0.000000,0.000,0.000,Client
2026-08-31 20:44:45,1900-01-00 00:00:00,,88:B1:11:6C:63:8A,-31,,0.000000,0.000000,0.000,0.000,Client
2026-08-31 20:44:45,1900-01-00 00:00:00,,88:B1:11:6C:63:8A,-30,,0.000000,0.000000,0.000,0.000,Client
2026-08-31 20:44:45,1900-01-00 00:00:00,,88:B1:11:6C:63:8A,-31,,0.000000,0.000000,0.000,0.000,Client
2026-08-31 20:44:45,1900-01-00 00:00:00,◤rǝs_ʎɐʞ♡,A6:C0:2B:A6:3B:4E,-30, WPA2 ,0.000000,0.000000,0.000,0.000,AP
2026-08-31 20:44:45,1900-01-00 00:00:00,,88:B1:11:6C:63:8A,-31,,0.000000,0.000000,0.000,0.000,Client
2026-08-31 20:44:45,1900-01-00 00:00:00,,88:B1:11:6C:63:8A,-30,,0.000000,0.000000,0.000,0.000,Client
2026-08-31 20:44:45,1900-01-00 00:00:00,,88:B1:11:6C:63:8A,-31,,0.000000,0.000000,0.000,0.000,Client
2026-08-31 20:44:45,1900-01-00 00:00:00,◤rǝs_ʎɐʞ♡,A6:C0:2B:A6:3B:4E,-30, WPA2 ,0.000000,0.000000,0.000,0.000,AP
2026-08-31 20:44:46,1900-01-00 00:00:00,◤rǝs_ʎɐʞ♡,A6:C0:2B:A6:3B:4E,-43, WPA2 ,0.000000,0.000000,0.000,0.000,AP
2026-08-31 20:44:46,1900-01-00 00:00:00,◤rǝs_ʎɐʞ♡,A6:C0:2B:A6:3B:4E,-39, WPA2 ,0.000000,0.000000,0.000,0.000,AP
2026-08-31 20:44:46,1900-01-00 00:00:00,,88:B1:11:6C:63:8A,-31,,0.000000,0.000000,0.000,0.000,Client
2026-08-31 20:44:46,1900-01-00 00:00:00,◤rǝs_ʎɐʞ♡,A6:C0:2B:A6:3B:4E,-43, WPA2 ,0.000000,0.000000,0.000,0.000,AP
2026-08-31 20:44:46,1900-01-00 00:00:00,◤rǝs_ʎɐʞ♡,A6:C0:2B:A6:3B:4E,-43, WPA2 ,0.000000,0.000000,0.000,0.000,AP
2026-08-31 20:44:46,1900-01-00 00:00:00,◤rǝs_ʎɐʞ♡,A6:C0:2B:A6:3B:4E,-43, WPA2 ,0.000000,0.000000,0.000,0.000,AP
2026-08-31 20:44:46,1900-01-00 00:00:00,◤rǝs_ʎɐʞ♡,A6:C0:2B:A6:3B:4E,-43, WPA2 ,0.000000,0.000000,0.000,0.000,AP
2026-08-31 20:44:46,1900-01-00 00:00:00,◤rǝs_ʎɐʞ♡,A6:C0:2B:A6:3B:4E,-43, WPA2 ,0.000000,0.000000,0.000,0.000,AP
2026-08-31 20:44:46,1900-01-00 00:00:00,◤rǝs_ʎɐʞ♡,A6:C0:2B:A6:3B:4E,-43, WPA2 ,0.000000,0.000000,0.000,0.000,AP
2026-08-31 20:44:46,1900-01-00 00:00:00,◤rǝs_ʎɐʞ♡,A6:C0:2B:A6:3B:4E,-43, WPA2 ,0.000000,0.000000,0.000,0.000,AP
2026-08-31 20:44:47,1900-01-00 00:00:00,◤rǝs_ʎɐʞ♡,A6:C0:2B:A6:3B:4E,-43, WPA2 ,0.000000,0.000000,0.000,0.000,AP
2026-08-31 20:44:47,1900-01-00 00:00:00,◤rǝs_ʎɐʞ♡,A6:C0:2B:A6:3B:4E,-43, WPA2 ,0.000000,0.000000,0.000,0.000,AP
2026-08-31 20:44:47,1900-01-00 00:00:00,◤rǝs_ʎɐʞ♡,A6:C0:2B:A6:3B:4E,-43, WPA2 ,0.000000,0.000000,0.000,0.000,AP
2026-08-31 20:44:47,1900-01-00 00:00:00,◤rǝs_ʎɐʞ♡,A6:C0:2B:A6:3B:4E,-43, WPA2 ,0.000000,0.000000,0.000,0.000,AP
2026-08-31 20:44:47,1900-01-00 00:00:00,◤rǝs_ʎɐʞ♡,A6:C0:2B:A6:3B:4E,-43, WPA2 ,0.000000,0.000000,0.000,0.000,AP
2026-08-31 20:44:47,1900-01-00 00:00:00,◤rǝs_ʎɐʞ♡,A6:C0:2B:A6:3B:4E,-30, WPA2 ,0.000000,0.000000,0.000,0.000,AP
2026-08-31 20:44:47,1900-01-00 00:00:00,◤rǝs_ʎɐʞ♡,A6:C0:2B:A6:3B:4E,-39, WPA2 ,0.000000,0.000000,0.000,0.000,AP
2026-08-31 20:44:47,1900-01-00 00:00:00,,88:B1:11:6C:63:8A,-31,,0.000000,0.000000,0.000,0.000,Client
2026-08-31 20:44:47,1900-01-00 00:00:00,,88:B1:11:6C:63:8A,-30,,0.000000,0.000000,0.000,0.000,Client
2026-08-31 20:44:47,1900-01-00 00:00:00,◤rǝs_ʎɐʞ♡,A6:C0:2B:A6:3B:4E,-43, WPA2 ,0.000000,0.000000,0.000,0.000,AP
2026-08-31 20:44:47,1900-01-00 00:00:00,◤rǝs_ʎɐʞ♡,A6:C0:2B:A6:3B:4E,-30, WPA2 ,0.000000,0.000000,0.000,0.000,AP
2026-08-31 20:44:48,1900-01-00 00:00:00,◤rǝs_ʎɐʞ♡,A6:C0:2B:A6:3B:4E,-43, WPA2 ,0.000000,0.000000,0.000,0.000,AP
2026-08-31 20:44:48,1900-01-00 00:00:00,,88:B1:11:6C:63:8A,-30,,0.000000,0.000000,0.000,0.000,Client
2026-08-31 20:44:48,1900-01-00 00:00:00,,88:B1:11:6C:63:8A,-30,,0.000000,0.000000,0.000,0.000,Client
2026-08-31 20:44:48,1900-01-00 00:00:00,◤rǝs_ʎɐʞ♡,A6:C0:2B:A6:3B:4E,-30, WPA2 ,0.000000,0.000000,0.000,0.000,AP
2026-08-31 20:44:48,1900-01-00 00:00:00,◤rǝs_ʎɐʞ♡,A6:C0:2B:A6:3B:4E,-43, WPA2 ,0.000000,0.000000,0.000,0.000,AP
2026-08-31 20:44:48,1900-01-00 00:00:00,◤rǝs_ʎɐʞ♡,A6:C0:2B:A6:3B:4E,-43, WPA2 ,0.000000,0.000000,0.000,0.000,AP
2026-08-31 20:44:48,1900-01-00 00:00:00,◤rǝs_ʎɐʞ♡,A6:C0:2B:A6:3B:4E,-43, WPA2 ,0.000000,0.000000,0.000,0.000,AP
2026-08-31 20:44:48,1900-01-00 00:00:00,◤rǝs_ʎɐʞ♡,A6:C0:2B:A6:3B:4E,-43, WPA2 ,0.000000,0.000000,0.000,0.000,AP
2026-08-31 20:44:48,1900-01-00 00:00:00,◤rǝs_ʎɐʞ♡,A6:C0:2B:A6:3B:4E,-43, WPA2 ,0.000000,0.000000,0.000,0.000,AP
2026-08-31 20:44:48,1900-01-00 00:00:00,◤rǝs_ʎɐʞ♡,A6:C0:2B:A6:3B:4E,-43, WPA2 ,0.000000,0.000000,0.000,0.000,AP
2026-08-31 20:44:49,1900-01-00 00:00:00,◤rǝs_ʎɐʞ♡,A6:C0:2B:A6:3B:4E,-39, WPA2 ,0.000000,0.000000,0.000,0.000,AP
2026-08-31 20:44:49,1900-01-00 00:00:00,◤rǝs_ʎɐʞ♡,A6:C0:2B:A6:3B:4E,-43, WPA2 ,0.000000,0.000000,0.000,0.000,AP
2026-08-31 20:44:49,1900-01-00 00:00:00,◤rǝs_ʎɐʞ♡,A6:C0:2B:A6:3B:4E,-43, WPA2 ,0.000000,0.000000,0.000,0.000,AP
2026-08-31 20:44:49,1900-01-00 00:00:00,,88:B1:11:6C:63:8A,-30,,0.000000,0.000000,0.000,0.000,Client
2026-08-31 20:44:49,1900-01-00 00:00:00,,88:B1:11:6C:63:8A,-32,,0.000000,0.000000,0.000,0.000,Client
2026-08-31 20:44:49,1900-01-00 00:00:00,◤rǝs_ʎɐʞ♡,A6:C0:2B:A6:3B:4E,-43, WPA2 ,0.000000,0.000000,0.000,0.000,AP
2026-08-31 20:44:49,1900-01-00 00:00:00,◤rǝs_ʎɐʞ♡,A6:C0:2B:A6:3B:4E,-43, WPA2 ,0.000000,0.000000,0.000,0.000,AP
2026-08-31 20:44:49,1900-01-00 00:00:00,,88:B1:11:6C:63:8A,-31,,0.000000,0.000000,0.000,0.000,Client
2026-08-31 20:44:49,1900-01-00 00:00:00,,88:B1:11:6C:63:8A,-31,,0.000000,0.000000,0.000,0.000,Client
2026-08-31 20:44:49,1900-01-00 00:00:00,,88:B1:11:6C:63:8A,-30,,0.000000,0.000000,0.000,0.000,Client
2026-08-31 20:44:49,1900-01-00 00:00:00,◤rǝs_ʎɐʞ♡,A6:C0:2B:A6:3B:4E,-39, WPA2 ,0.000000,0.000000,0.000,0.000,AP
2026-08-31 20:44:49,1900-01-00 00:00:00,◤rǝs_ʎɐʞ♡,A6:C0:2B:A6:3B:4E,-39, WPA2 ,0.000000,0.000000,0.000,0.000,AP
2026-08-31 20:44:49,1900-01-00 00:00:00,◤rǝs_ʎɐʞ♡,A6:C0:2B:A6:3B:4E,-30, WPA2 ,0.000000,0.000000,0.000,0.000,AP
2026-08-31 20:44:49,1900-01-00 00:00:00,,88:B1:11:6C:63:8A,-30,,0.000000,0.000000,0.000,0.000,Client
2026-08-31 20:44:49,1900-01-00 00:00:00,,88:B1:11:6C:63:8A,-30,,0.000000,0.000000,0.000,0.000,Client
2026-08-31 20:44:49,1900-01-00 00:00:00,,88:B1:11:6C:63:8A,-30,,0.000000,0.000000,0.000,0.000,Client
2026-08-31 20:44:49,1900-01-00 00:00:00,◤rǝs_ʎɐʞ♡,A6:C0:2B:A6:3B:4E,-43, WPA2 ,0.000000,0.000000,0.000,0.000,AP
2026-08-31 20:44:50,1900-01-00 00:00:00,◤rǝs_ʎɐʞ♡,A6:C0:2B:A6:3B:4E,-43, WPA2 ,0.000000,0.000000,0.000,0.000,AP
2026-08-31 20:44:50,1900-01-00 00:00:00,◤rǝs_ʎɐʞ♡,A6:C0:2B:A6:3B:4E,-34, WPA2 ,0.000000,0.000000,0.000,0.000,AP
2026-08-31 20:44:50,1900-01-00 00:00:00,◤rǝs_ʎɐʞ♡,A6:C0:2B:A6:3B:4E,-43, WPA2 ,0.000000,0.000000,0.000,0.000,AP
2026-08-31 20:44:50,1900-01-00 00:00:00,◤rǝs_ʎɐʞ♡,A6:C0:2B:A6:3B:4E,-39, WPA2 ,0.000000,0.000000,0.000,0.000,AP
2026-08-31 20:44:50,1900-01-00 00:00:00,◤rǝs_ʎɐʞ♡,A6:C0:2B:A6:3B:4E,-39, WPA2 ,0.000000,0.000000,0.000,0.000,AP
2026-08-31 20:44:50,1900-01-00 00:00:00,,88:B1:11:6C:63:8A,-31,,0.000000,0.000000,0.000,0.000,Client
2026-08-31 20:44:50,1900-01-00 00:00:00,,88:B1:11:6C:63:8A,-32,,0.000000,0.000000,0.000,0.000,Client
2026-08-31 20:44:50,1900-01-00 00:00:00,◤rǝs_ʎɐʞ♡,A6:C0:2B:A6:3B:4E,-43, WPA2 ,0.000000,0.000000,0.000,0.000,AP
2026-08-31 20:44:50,1900-01-00 00:00:00,◤rǝs_ʎɐʞ♡,A6:C0:2B:A6:3B:4E,-39, WPA2 ,0.000000,0.000000,0.000,0.000,AP
2026-08-31 20:44:50,1900-01-00 00:00:00,◤rǝs_ʎɐʞ♡,A6:C0:2B:A6:3B:4E,-43, WPA2 ,0.000000,0.000000,0.000,0.000,AP
2026-08-31 20:44:51,1900-01-00 00:00:00,◤rǝs_ʎɐʞ♡,A6:C0:2B:A6:3B:4E,-43, WPA2 ,0.000000,0.000000,0.000,0.000,AP
2026-08-31 20:44:51,1900-01-00 00:00:00,,88:B1:11:6C:63:8A,-32,,0.000000,0.000000,0.000,0.000,Client
2026-08-31 20:44:51,1900-01-00 00:00:00,◤rǝs_ʎɐʞ♡,A6:C0:2B:A6:3B:4E,-39, WPA2 ,0.000000,0.000000,0.000,0.000,AP
2026-08-31 20:44:51,1900-01-00 00:00:00,◤rǝs_ʎɐʞ♡,A6:C0:2B:A6:3B:4E,-43, WPA2 ,0.000000,0.000000,0.000,0.000,AP
2026-08-31 20:44:51,1900-01-00 00:00:00,,88:B1:11:6C:63:8A,-30,,0.000000,0.000000,0.000,0.000,Client
2026-08-31 20:44:51,1900-01-00 00:00:00,◤rǝs_ʎɐʞ♡,A6:C0:2B:A6:3B:4E,-83, WPA2 ,0.000000,0.000000,0.000,0.000,AP
2026-08-31 20:44:51,1900-01-00 00:00:00,◤rǝs_ʎɐʞ♡,A6:C0:2B:A6:3B:4E,-39, WPA2 ,0.000000,0.000000,0.000,0.000,AP
2026-08-31 20:44:51,1900-01-00 00:00:00,,88:B1:11:6C:63:8A,-30,,0.000000,0.000000,0.000,0.000,Client
2026-08-31 20:44:51,1900-01-00 00:00:00,,88:B1:11:6C:63:8A,-30,,0.000000,0.000000,0.000,0.000,Client
2026-08-31 20:44:51,1900-01-00 00:00:00,,88:B1:11:6C:63:8A,-30,,0.000000,0.000000,0.000,0.000,Client
2026-08-31 20:44:51,1900-01-00 00:00:00,,88:B1:11:6C:63:8A,-30,,0.000000,0.000000,0.000,0.000,Client
2026-08-31 20:44:51,1900-01-00 00:00:00,◤rǝs_ʎɐʞ♡,A6:C0:2B:A6:3B:4E,-39, WPA2 ,0.000000,0.000000,0.000,0.000,AP
2026-08-31 20:44:51,1900-01-00 00:00:00,◤rǝs_ʎɐʞ♡,A6:C0:2B:A6:3B:4E,-43, WPA2 ,0.000000,0.000000,0.000,0.000,AP
2026-08-31 20:44:51,1900-01-00 00:00:00,◤rǝs_ʎɐʞ♡,A6:C0:2B:A6:3B:4E,-43, WPA2 ,0.000000,0.000000,0.000,0.000,AP
2026-08-31 20:44:52,1900-01-00 00:00:00,◤rǝs_ʎɐʞ♡,A6:C0:2B:A6:3B:4E,-43, WPA2 ,0.000000,0.000000,0.000,0.000,AP
2026-08-31 20:44:52,1900-01-00 00:00:00,◤rǝs_ʎɐʞ♡,A6:C0:2B:A6:3B:4E,-39, WPA2 ,0.000000,0.000000,0.000,0.000,AP
2026-08-31 20:44:52,1900-01-00 00:00:00,◤rǝs_ʎɐʞ♡,A6:C0:2B:A6:3B:4E,-43, WPA2 ,0.000000,0.000000,0.000,0.000,AP
2026-08-31 20:44:52,1900-01-00 00:00:00,,88:B1:11:6C:63:8A,-31,,0.000000,0.000000,0.000,0.000,Client
2026-08-31 20:44:52,1900-01-00 00:00:00,◤rǝs_ʎɐʞ♡,A6:C0:2B:A6:3B:4E,-43, WPA2 ,0.000000,0.000000,0.000,0.000,AP
2026-08-31 20:44:52,1900-01-00 00:00:00,,88:B1:11:6C:63:8A,-31,,0.000000,0.000000,0.000,0.000,Client
2026-08-31 20:44:52,1900-01-00 00:00:00,,88:B1:11:6C:63:8A,-31,,0.000000,0.000000,0.000,0.000,Client
2026-08-31 20:44:52,1900-01-00 00:00:00,◤rǝs_ʎɐʞ♡,A6:C0:2B:A6:3B:4E,-43, WPA2 ,0.000000,0.000000,0.000,0.000,AP
2026-08-31 20:44:52,1900-01-00 00:00:00,,88:B1:11:6C:63:8A,-30,,0.000000,0.000000,0.000,0.000,Client
2026-08-31 20:44:52,1900-01-00 00:00:00,◤rǝs_ʎɐʞ♡,A6:C0:2B:A6:3B:4E,-43, WPA2 ,0.000000,0.000000,0.000,0.000,AP
2026-08-31 20:44:52,1900-01-00 00:00:00,◤rǝs_ʎɐʞ♡,A6:C0:2B:A6:3B:4E,-30, WPA2 ,0.000000,0.000000,0.000,0.000,AP
2026-08-31 20:44:52,1900-01-00 00:00:00,,88:B1:11:6C:63:8A,-31,,0.000000,0.000000,0.000,0.000,Client
2026-08-31 20:44:52,1900-01-00 00:00:00,◤rǝs_ʎɐʞ♡,A6:C0:2B:A6:3B:4E,-43, WPA2 ,0.000000,0.000000,0.000,0.000,AP
2026-08-31 20:44:52,1900-01-00 00:00:00,,88:B1:11:6C:63:8A,-31,,0.000000,0.000000,0.000,0.000,Client
2026-08-31 20:44:52,1900-01-00 00:00:00,◤rǝs_ʎɐʞ♡,A6:C0:2B:A6:3B:4E,-43, WPA2 ,0.000000,0.000000,0.000,0.000,AP
2026-08-31 20:44:53,1900-01-00 00:00:00,◤rǝs_ʎɐʞ♡,A6:C0:2B:A6:3B:4E,-34, WPA2 ,0.000000,0.000000,0.000,0.000,AP
2026-08-31 20:44:53,1900-01-00 00:00:00,◤rǝs_ʎɐʞ♡,A6:C0:2B:A6:3B:4E,-43, WPA2 ,0.000000,0.000000,0.000,0.000,AP
2026-08-31 20:44:53,1900-01-00 00:00:00,,88:B1:11:6C:63:8A,-31,,0.000000,0.000000,0.000,0.000,Client
2026-08-31 20:44:53,1900-01-00 00:00:00,,88:B1:11:6C:63:8A,-31,,0.000000,0.000000,0.000,0.000,Client
2026-08-31 20:44:53,1900-01-00 00:00:00,,88:B1:11:6C:63:8A,-30,,0.000000,0.000000,0.000,0.000,Client
2026-08-31 20:44:53,1900-01-00 00:00:00,,88:B1:11:6C:63:8A,-31,,0.000000,0.000000,0.000,0.000,Client
2026-08-31 20:44:53,1900-01-00 00:00:00,◤rǝs_ʎɐʞ♡,A6:C0:2B:A6:3B:4E,-39, WPA2 ,0.000000,0.000000,0.000,0.000,AP
2026-08-31 20:44:53,1900-01-00 00:00:00,,88:B1:11:6C:63:8A,-31,,0.000000,0.000000,0.000,0.000,Client
2026-08-31 20:44:53,1900-01-00 00:00:00,,88:B1:11:6C:63:8A,-30,,0.000000,0.000000,0.000,0.000,Client
2026-08-31 20:44:53,1900-01-00 00:00:00,,88:B1:11:6C:63:8A,-30,,0.000000,0.000000,0.000,0.000,Client
2026-08-31 20:44:53,1900-01-00 00:00:00,,88:B1:11:6C:63:8A,-30,,0.000000,0.000000,0.000,0.000,Client
2026-08-31 20:44:53,1900-01-00 00:00:00,,88:B1:11:6C:63:8A,-30,,0.000000,0.000000,0.000,0.000,Client
2026-08-31 20:44:53,1900-01-00 00:00:00,◤rǝs_ʎɐʞ♡,A6:C0:2B:A6:3B:4E,-43, WPA2 ,0.000000,0.000000,0.000,0.000,AP
2026-08-31 20:44:53,1900-01-00 00:00:00,◤rǝs_ʎɐʞ♡,A6:C0:2B:A6:3B:4E,-43, WPA2 ,0.000000,0.000000,0.000,0.000,AP
2026-08-31 20:44:53,1900-01-00 00:00:00,◤rǝs_ʎɐʞ♡,A6:C0:2B:A6:3B:4E,-83, WPA2 ,0.000000,0.000000,0.000,0.000,AP
2026-08-31 20:44:53,1900-01-00 00:00:00,◤rǝs_ʎɐʞ♡,A6:C0:2B:A6:3B:4E,-43, WPA2 ,0.000000,0.000000,0.000,0.000,AP
2026-08-31 20:44:53,1900-01-00 00:00:00,◤rǝs_ʎɐʞ♡,A6:C0:2B:A6:3B:4E,-47, WPA2 ,0.000000,0.000000,0.000,0.000,AP
2026-08-31 20:44:53,1900-01-00 00:00:00,◤rǝs_ʎɐʞ♡,A6:C0:2B:A6:3B:4E,-43, WPA2 ,0.000000,0.000000,0.000,0.000,AP
2026-08-31 20:44:53,1900-01-00 00:00:00,◤rǝs_ʎɐʞ♡,A6:C0:2B:A6:3B:4E,-43, WPA2 ,0.000000,0.000000,0.000,0.000,AP
2026-08-31 20:44:53,1900-01-00 00:00:00,◤rǝs_ʎɐʞ♡,A6:C0:2B:A6:3B:4E,-43, WPA2 ,0.000000,0.000000,0.000,0.000,AP
2026-08-31 20:44:53,1900-01-00 00:00:00,,88:B1:11:6C:63:8A,-30,,0.000000,0.000000,0.000,0.000,Client
2026-08-31 20:44:53,1900-01-00 00:00:00,◤rǝs_ʎɐʞ♡,A6:C0:2B:A6:3B:4E,-43, WPA2 ,0.000000,0.000000,0.000,0.000,AP
2026-08-31 20:44:53,1900-01-00 00:00:00,,88:B1:11:6C:63:8A,-30,,0.000000,0.000000,0.000,0.000,Client
2026-08-31 20:44:53,1900-01-00 00:00:00,◤rǝs_ʎɐʞ♡,A6:C0:2B:A6:3B:4E,-43, WPA2 ,0.000000,0.000000,0.000,0.000,AP
2026-08-31 20:44:53,1900-01-00 00:00:00,◤rǝs_ʎɐʞ♡,A6:C0:2B:A6:3B:4E,-43, WPA2 ,0.000000,0.000000,0.000,0.000,AP
2026-08-31 20:44:54,1900-01-00 00:00:00,,88:B1:11:6C:63:8A,-30,,0.000000,0.000000,0.000,0.000,Client
2026-08-31 20:44:54,1900-01-00 00:00:00,◤rǝs_ʎɐʞ♡,A6:C0:2B:A6:3B:4E,-43, WPA2 ,0.000000,0.000000,0.000,0.000,AP
2026-08-31 20:44:54,1900-01-00 00:00:00,,88:B1:11:6C:63:8A,-30,,0.000000,0.000000,0.000,0.000,Client
2026-08-31 20:44:54,1900-01-00 00:00:00,,88:B1:11:6C:63:8A,-30,,0.000000,0.000000,0.000,0.000,Client
2026-08-31 20:44:54,1900-01-00 00:00:00,,88:B1:11:6C:63:8A,-30,,0.000000,0.000000,0.000,0.000,Client
2026-08-31 20:44:54,1900-01-00 00:00:00,,88:B1:11:6C:63:8A,-30,,0.000000,0.000000,0.000,0.000,Client
2026-08-31 20:44:54,1900-01-00 00:00:00,,88:B1:11:6C:63:8A,-30,,0.000000,0.000000,0.000,0.000,Client
2026-08-31 20:44:54,1900-01-00 00:00:00,,88:B1:11:6C:63:8A,-30,,0.000000,0.000000,0.000,0.000,Client
2026-08-31 20:44:54,1900-01-00 00:00:00,◤rǝs_ʎɐʞ♡,A6:C0:2B:A6:3B:4E,-43, WPA2 ,0.000000,0.000000,0.000,0.000,AP
2026-08-31 20:44:54,1900-01-00 00:00:00,◤rǝs_ʎɐʞ♡,A6:C0:2B:A6:3B:4E,-43, WPA2 ,0.000000,0.000000,0.000,0.000,AP
2026-08-31 20:44:54,1900-01-00 00:00:00,◤rǝs_ʎɐʞ♡,A6:C0:2B:A6:3B:4E,-43, WPA2 ,0.000000,0.000000,0.000,0.000,AP
2026-08-31 20:44:54,1900-01-00 00:00:00,◤rǝs_ʎɐʞ♡,A6:C0:2B:A6:3B:4E,-43, WPA2 ,0.000000,0.000000,0.000,0.000,AP
2026-08-31 20:44:54,1900-01-00 00:00:00,◤rǝs_ʎɐʞ♡,A6:C0:2B:A6:3B:4E,-39, WPA2 ,0.000000,0.000000,0.000,0.000,AP
2026-08-31 20:44:54,1900-01-00 00:00:00,◤rǝs_ʎɐʞ♡,A6:C0:2B:A6:3B:4E,-43, WPA2 ,0.000000,0.000000,0.000,0.000,AP
2026-08-31 20:44:54,1900-01-00 00:00:00,,88:B1:11:6C:63:8A,-30,,0.000000,0.000000,0.000,0.000,Client
2026-08-31 20:44:54,1900-01-00 00:00:00,,88:B1:11:6C:63:8A,-30,,0.000000,0.000000,0.000,0.000,Client
2026-08-31 20:44:54,1900-01-00 00:00:00,,88:B1:11:6C:63:8A,-31,,0.000000,0.000000,0.000,0.000,Client
2026-08-31 20:44:54,1900-01-00 00:00:00,,88:B1:11:6C:63:8A,-32,,0.000000,0.000000,0.000,0.000,Client
2026-08-31 20:44:54,1900-01-00 00:00:00,,88:B1:11:6C:63:8A,-31,,0.000000,0.000000,0.000,0.000,Client
2026-08-31 20:44:54,1900-01-00 00:00:00,◤rǝs_ʎɐʞ♡,A6:C0:2B:A6:3B:4E,-43, WPA2 ,0.000000,0.000000,0.000,0.000,AP
2026-08-31 20:44:55,1900-01-00 00:00:00,,88:B1:11:6C:63:8A,-32,,0.000000,0.000000,0.000,0.000,Client
2026-08-31 20:44:55,1900-01-00 00:00:00,,88:B1:11:6C:63:8A,-31,,0.000000,0.000000,0.000,0.000,Client
2026-08-31 20:44:55,1900-01-00 00:00:00,,88:B1:11:6C:63:8A,-30,,0.000000,0.000000,0.000,0.000,Client
2026-08-31 20:44:55,1900-01-00 00:00:00,◤rǝs_ʎɐʞ♡,A6:C0:2B:A6:3B:4E,-30, WPA2 ,0.000000,0.000000,0.000,0.000,AP
2026-08-31 20:44:55,1900-01-00 00:00:00,,88:B1:11:6C:63:8A,-30,,0.000000,0.000000,0.000,0.000,Client
2026-08-31 20:44:55,1900-01-00 00:00:00,◤rǝs_ʎɐʞ♡,A6:C0:2B:A6:3B:4E,-43, WPA2 ,0.000000,0.000000,0.000,0.000,AP
2026-08-31 20:44:55,1900-01-00 00:00:00,,88:B1:11:6C:63:8A,-31,,0.000000,0.000000,0.000,0.000,Client
2026-08-31 20:44:55,1900-01-00 00:00:00,◤rǝs_ʎɐʞ♡,A6:C0:2B:A6:3B:4E,-43, WPA2 ,0.000000,0.000000,0.000,0.000,AP
2026-08-31 20:44:55,1900-01-00 00:00:00,,88:B1:11:6C:63:8A,-31,,0.000000,0.000000,0.000,0.000,Client
2026-08-31 20:44:55,1900-01-00 00:00:00,◤rǝs_ʎɐʞ♡,A6:C0:2B:A6:3B:4E,-39, WPA2 ,0.000000,0.000000,0.000,0.000,AP
2026-08-31 20:44:55,1900-01-00 00:00:00,◤rǝs_ʎɐʞ♡,A6:C0:2B:A6:3B:4E,-43, WPA2 ,0.000000,0.000000,0.000,0.000,AP
2026-08-31 20:44:55,1900-01-00 00:00:00,,88:B1:11:6C:63:8A,-31,,0.000000,0.000000,0.000,0.000,Client
2026-08-31 20:44:55,1900-01-00 00:00:00,,88:B1:11:6C:63:8A,-32,,0.000000,0.000000,0.000,0.000,Client
2026-08-31 20:44:55,1900-01-00 00:00:00,,88:B1:11:6C:63:8A,-31,,0.000000,0.000000,0.000,0.000,Client
2026-08-31 20:44:55,1900-01-00 00:00:00,,88:B1:11:6C:63:8A,-31,,0.000000,0.000000,0.000,0.000,Client
2026-08-31 20:44:55,1900-01-00 00:00:00,,88:B1:11:6C:63:8A,-31,,0.000000,0.000000,0.000,0.000,Client
2026-08-31 20:44:55,1900-01-00 00:00:00,,88:B1:11:6C:63:8A,-30,,0.000000,0.000000,0.000,0.000,Client
2026-08-31 20:44:55,1900-01-00 00:00:00,,88:B1:11:6C:63:8A,-30,,0.000000,0.000000,0.000,0.000,Client
2026-08-31 20:44:55,1900-01-00 00:00:00,,88:B1:11:6C:63:8A,-30,,0.000000,0.000000,0.000,0.000,Client
2026-08-31 20:44:55,1900-01-00 00:00:00,,88:B1:11:6C:63:8A,-30,,0.000000,0.000000,0.000,0.000,Client
2026-08-31 20:44:55,1900-01-00 00:00:00,◤rǝs_ʎɐʞ♡,A6:C0:2B:A6:3B:4E,-43, WPA2 ,0.000000,0.000000,0.000,0.000,AP
2026-08-31 20:44:55,1900-01-00 00:00:00,,88:B1:11:6C:63:8A,-31,,0.000000,0.000000,0.000,0.000,Client
2026-08-31 20:44:55,1900-01-00 00:00:00,◤rǝs_ʎɐʞ♡,A6:C0:2B:A6:3B:4E,-39, WPA2 ,0.000000,0.000000,0.000,0.000,AP
2026-08-31 20:44:55,1900-01-00 00:00:00,◤rǝs_ʎɐʞ♡,A6:C0:2B:A6:3B:4E,-43, WPA2 ,0.000000,0.000000,0.000,0.000,AP
2026-08-31 20:44:55,1900-01-00 00:00:00,◤rǝs_ʎɐʞ♡,A6:C0:2B:A6:3B:4E,-43, WPA2 ,0.000000,0.000000,0.000,0.000,AP
2026-08-31 20:44:56,1900-01-00 00:00:00,◤rǝs_ʎɐʞ♡,A6:C0:2B:A6:3B:4E,-43, WPA2 ,0.000000,0.000000,0.000,0.000,AP
2026-08-31 20:44:56,1900-01-00 00:00:00,◤rǝs_ʎɐʞ♡,A6:C0:2B:A6:3B:4E,-43, WPA2 ,0.000000,0.000000,0.000,0.000,AP
2026-08-31 20:44:56,1900-01-00 00:00:00,◤rǝs_ʎɐʞ♡,A6:C0:2B:A6:3B:4E,-43, WPA2 ,0.000000,0.000000,0.000,0.000,AP
2026-08-31 20:44:56,1900-01-00 00:00:00,◤rǝs_ʎɐʞ♡,A6:C0:2B:A6:3B:4E,-43, WPA2 ,0.000000,0.000000,0.000,0.000,AP
2026-08-31 20:44:56,1900-01-00 00:00:00,◤rǝs_ʎɐʞ♡,A6:C0:2B:A6:3B:4E,-43, WPA2 ,0.000000,0.000000,0.000,0.000,AP
2026-08-31 20:44:56,1900-01-00 00:00:00,◤rǝs_ʎɐʞ♡,A6:C0:2B:A6:3B:4E,-43, WPA2 ,0.000000,0.000000,0.000,0.000,AP
2026-08-31 20:44:56,1900-01-00 00:00:00,◤rǝs_ʎɐʞ♡,A6:C0:2B:A6:3B:4E,-39, WPA2 ,0.000000,0.000000,0.000,0.000,AP
2026-08-31 20:44:57,1900-01-00 00:00:00,◤rǝs_ʎɐʞ♡,A6:C0:2B:A6:3B:4E,-43, WPA2 ,0.000000,0.000000,0.000,0.000,AP
2026-08-31 20:44:57,1900-01-00 00:00:00,◤rǝs_ʎɐʞ♡,A6:C0:2B:A6:3B:4E,-43, WPA2 ,0.000000,0.000000,0.000,0.000,AP
2026-08-31 20:44:57,1900-01-00 00:00:00,◤rǝs_ʎɐʞ♡,A6:C0:2B:A6:3B:4E,-47, WPA2 ,0.000000,0.000000,0.000,0.000,AP
2026-08-31 20:44:57,1900-01-00 00:00:00,◤rǝs_ʎɐʞ♡,A6:C0:2B:A6:3B:4E,-43, WPA2 ,0.000000,0.000000,0.000,0.000,AP
2026-08-31 20:44:57,1900-01-00 00:00:00,◤rǝs_ʎɐʞ♡,A6:C0:2B:A6:3B:4E,-39, WPA2 ,0.000000,0.000000,0.000,0.000,AP
2026-08-31 20:44:57,1900-01-00 00:00:00,◤rǝs_ʎɐʞ♡,A6:C0:2B:A6:3B:4E,-43, WPA2 ,0.000000,0.000000,0.000,0.000,AP
2026-08-31 20:44:57,1900-01-00 00:00:00,◤rǝs_ʎɐʞ♡,A6:C0:2B:A6:3B:4E,-39, WPA2 ,0.000000,0.000000,0.000,0.000,AP
2026-08-31 20:44:57,1900-01-00 00:00:00,◤rǝs_ʎɐʞ♡,A6:C0:2B:A6:3B:4E,-39, WPA2 ,0.000000,0.000000,0.000,0.000,AP
2026-08-31 20:44:57,1900-01-00 00:00:00,◤rǝs_ʎɐʞ♡,A6:C0:2B:A6:3B:4E,-43, WPA2 ,0.000000,0.000000,0.000,0.000,AP
2026-08-31 20:44:57,1900-01-00 00:00:00,,88:B1:11:6C:63:8A,-30,,0.000000,0.000000,0.000,0.000,Client
2026-08-31 20:44:57,1900-01-00 00:00:00,,88:B1:11:6C:63:8A,-30,,0.000000,0.000000,0.000,0.000,Client
2026-08-31 20:44:57,1900-01-00 00:00:00,◤rǝs_ʎɐʞ♡,A6:C0:2B:A6:3B:4E,-43, WPA2 ,0.000000,0.000000,0.000,0.000,AP
2026-08-31 20:44:58,1900-01-00 00:00:00,◤rǝs_ʎɐʞ♡,A6:C0:2B:A6:3B:4E,-34, WPA2 ,0.000000,0.000000,0.000,0.000,AP
2026-08-31 20:44:58,1900-01-00 00:00:00,,88:B1:11:6C:63:8A,-31,,0.000000,0.000000,0.000,0.000,Client
2026-08-31 20:44:58,1900-01-00 00:00:00,,88:B1:11:6C:63:8A,-32,,0.000000,0.000000,0.000,0.000,Client
2026-08-31 20:44:58,1900-01-00 00:00:00,,88:B1:11:6C:63:8A,-31,,0.000000,0.000000,0.000,0.000,Client
2026-08-31 20:44:58,1900-01-00 00:00:00,◤rǝs_ʎɐʞ♡,A6:C0:2B:A6:3B:4E,-43, WPA2 ,0.000000,0.000000,0.000,0.000,AP
2026-08-31 20:44:58,1900-01-00 00:00:00,,88:B1:11:6C:63:8A,-30,,0.000000,0.000000,0.000,0.000,Client
2026-08-31 20:44:58,1900-01-00 00:00:00,,88:B1:11:6C:63:8A,-29,,0.000000,0.000000,0.000,0.000,Client
2026-08-31 20:44:58,1900-01-00 00:00:00,,88:B1:11:6C:63:8A,-30,,0.000000,0.000000,0.000,0.000,Client
2026-08-31 20:44:58,1900-01-00 00:00:00,◤rǝs_ʎɐʞ♡,A6:C0:2B:A6:3B:4E,-39, WPA2 ,0.000000,0.000000,0.000,0.000,AP
2026-08-31 20:44:58,1900-01-00 00:00:00,◤rǝs_ʎɐʞ♡,A6:C0:2B:A6:3B:4E,-39, WPA2 ,0.000000,0.000000,0.000,0.000,AP
2026-08-31 20:44:58,1900-01-00 00:00:00,◤rǝs_ʎɐʞ♡,A6:C0:2B:A6:3B:4E,-39, WPA2 ,0.000000,0.000000,0.000,0.000,AP
2026-08-31 20:44:58,1900-01-00 00:00:00,◤rǝs_ʎɐʞ♡,A6:C0:2B:A6:3B:4E,-43, WPA2 ,0.000000,0.000000,0.000,0.000,AP
2026-08-31 20:44:58,1900-01-00 00:00:00,◤rǝs_ʎɐʞ♡,A6:C0:2B:A6:3B:4E,-43, WPA2 ,0.000000,0.000000,0.000,0.000,AP
2026-08-31 20:44:58,1900-01-00 00:00:00,◤rǝs_ʎɐʞ♡,A6:C0:2B:A6:3B:4E,-43, WPA2 ,0.000000,0.000000,0.000,0.000,AP
2026-08-31 20:44:58,1900-01-00 00:00:00,,88:B1:11:6C:63:8A,-31,,0.000000,0.000000,0.000,0.000,Client
2026-08-31 20:44:58,1900-01-00 00:00:00,◤rǝs_ʎɐʞ♡,A6:C0:2B:A6:3B:4E,-43, WPA2 ,0.000000,0.000000,0.000,0.000,AP
2026-08-31 20:44:59,1900-01-00 00:00:00,◤rǝs_ʎɐʞ♡,A6:C0:2B:A6:3B:4E,-47, WPA2 ,0.000000,0.000000,0.000,0.000,AP
2026-08-31 20:44:59,1900-01-00 00:00:00,◤rǝs_ʎɐʞ♡,A6:C0:2B:A6:3B:4E,-47, WPA2 ,0.000000,0.000000,0.000,0.000,AP
2026-08-31 20:44:59,1900-01-00 00:00:00,,88:B1:11:6C:63:8A,-33,,0.000000,0.000000,0.000,0.000,Client
2026-08-31 20:44:59,1900-01-00 00:00:00,◤rǝs_ʎɐʞ♡,A6:C0:2B:A6:3B:4E,-47, WPA2 ,0.000000,0.000000,0.000,0.000,AP
2026-08-31 20:44:59,1900-01-00 00:00:00,,88:B1:11:6C:63:8A,-32,,0.000000,0.000000,0.000,0.000,Client
2026-08-31 20:44:59,1900-01-00 00:00:00,◤rǝs_ʎɐʞ♡,A6:C0:2B:A6:3B:4E,-47, WPA2 ,0.000000,0.000000,0.000,0.000,AP
2026-08-31 20:44:59,1900-01-00 00:00:00,◤rǝs_ʎɐʞ♡,A6:C0:2B:A6:3B:4E,-47, WPA2 ,0.000000,0.000000,0.000,0.000,AP
2026-08-31 20:44:59,1900-01-00 00:00:00,◤rǝs_ʎɐʞ♡,A6:C0:2B:A6:3B:4E,-47, WPA2 ,0.000000,0.000000,0.000,0.000,AP
2026-08-31 20:44:59,1900-01-00 00:00:00,,88:B1:11:6C:63:8A,-32,,0.000000,0.000000,0.000,0.000,Client
2026-08-31 20:44:59,1900-01-00 00:00:00,,88:B1:11:6C:63:8A,-31,,0.000000,0.000000,0.000,0.000,Client
2026-08-31 20:44:59,1900-01-00 00:00:00,,88:B1:11:6C:63:8A,-30,,0.000000,0.000000,0.000,0.000,Client
2026-08-31 20:44:59,1900-01-00 00:00:00,◤rǝs_ʎɐʞ♡,A6:C0:2B:A6:3B:4E,-47, WPA2 ,0.000000,0.000000,0.000,0.000,AP
2026-08-31 20:44:59,1900-01-00 00:00:00,◤rǝs_ʎɐʞ♡,A6:C0:2B:A6:3B:4E,-47, WPA2 ,0.000000,0.000000,0.000,0.000,AP
2026-08-31 20:45:00,1900-01-00 00:00:00,,88:B1:11:6C:63:8A,-33,,0.000000,0.000000,0.000,0.000,Client
2026-08-31 20:45:00,1900-01-00 00:00:00,,88:B1:11:6C:63:8A,-32,,0.000000,0.000000,0.000,0.000,Client
2026-08-31 20:45:00,1900-01-00 00:00:00,◤rǝs_ʎɐʞ♡,A6:C0:2B:A6:3B:4E,-47, WPA2 ,0.000000,0.000000,0.000,0.000,AP
2026-08-31 20:45:00,1900-01-00 00:00:00,,88:B1:11:6C:63:8A,-31,,0.000000,0.000000,0.000,0.000,Client
2026-08-31 20:45:00,1900-01-00 00:00:00,,88:B1:11:6C:63:8A,-31,,0.000000,0.000000,0.000,0.000,Client
2026-08-31 20:45:00,1900-01-00 00:00:00,,88:B1:11:6C:63:8A,-34,,0.000000,0.000000,0.000,0.000,Client
2026-08-31 20:45:00,1900-01-00 00:00:00,,88:B1:11:6C:63:8A,-32,,0.000000,0.000000,0.000,0.000,Client
2026-08-31 20:45:00,1900-01-00 00:00:00,,88:B1:11:6C:63:8A,-31,,0.000000,0.000000,0.000,0.000,Client
2026-08-31 20:45:00,1900-01-00 00:00:00,,88:B1:11:6C:63:8A,-32,,0.000000,0.000000,0.000,0.000,Client
2026-08-31 20:45:00,1900-01-00 00:00:00,,88:B1:11:6C:63:8A,-32,,0.000000,0.000000,0.000,0.000,Client
2026-08-31 20:45:00,1900-01-00 00:00:00,,88:B1:11:6C:63:8A,-32,,0.000000,0.000000,0.000,0.000,Client
2026-08-31 20:45:00,1900-01-00 00:00:00,,88:B1:11:6C:63:8A,-32,,0.000000,0.000000,0.000,0.000,Client
2026-08-31 20:45:00,1900-01-00 00:00:00,,88:B1:11:6C:63:8A,-32,,0.000000,0.000000,0.000,0.000,Client
2026-08-31 20:45:00,1900-01-00 00:00:00,◤rǝs_ʎɐʞ♡,A6:C0:2B:A6:3B:4E,-47, WPA2 ,0.000000,0.000000,0.000,0.000,AP
2026-08-31 20:45:00,1900-01-00 00:00:00,◤rǝs_ʎɐʞ♡,A6:C0:2B:A6:3B:4E,-47, WPA2 ,0.000000,0.000000,0.000,0.000,AP
2026-08-31 20:45:00,1900-01-00 00:00:00,,88:B1:11:6C:63:8A,-32,,0.000000,0.000000,0.000,0.000,Client
2026-08-31 20:45:00,1900-01-00 00:00:00,◤rǝs_ʎɐʞ♡,A6:C0:2B:A6:3B:4E,-47, WPA2 ,0.000000,0.000000,0.000,0.000,AP
2026-08-31 20:45:00,1900-01-00 00:00:00,◤rǝs_ʎɐʞ♡,A6:C0:2B:A6:3B:4E,-47, WPA2 ,0.000000,0.000000,0.000,0.000,AP
2026-08-31 20:45:00,1900-01-00 00:00:00,◤rǝs_ʎɐʞ♡,A6:C0:2B:A6:3B:4E,-47, WPA2 ,0.000000,0.000000,0.000,0.000,AP
2026-08-31 20:45:00,1900-01-00 00:00:00,◤rǝs_ʎɐʞ♡,A6:C0:2B:A6:3B:4E,-47, WPA2 ,0.000000,0.000000,0.000,0.000,AP
2026-08-31 20:45:00,1900-01-00 00:00:00,◤rǝs_ʎɐʞ♡,A6:C0:2B:A6:3B:4E,-47, WPA2 ,0.000000,0.000000,0.000,0.000,AP
2026-08-31 20:45:00,1900-01-00 00:00:00,◤rǝs_ʎɐʞ♡,A6:C0:2B:A6:3B:4E,-47, WPA2 ,0.000000,0.000000,0.000,0.000,AP
2026-08-31 20:45:00,1900-01-00 00:00:00,◤rǝs_ʎɐʞ♡,A6:C0:2B:A6:3B:4E,-47, WPA2 ,0.000000,0.000000,0.000,0.000,AP
2026-08-31 20:45:01,1900-01-00 00:00:00,◤rǝs_ʎɐʞ♡,A6:C0:2B:A6:3B:4E,-47, WPA2 ,0.000000,0.000000,0.000,0.000,AP
2026-08-31 20:45:01,1900-01-00 00:00:00,◤rǝs_ʎɐʞ♡,A6:C0:2B:A6:3B:4E,-47, WPA2 ,0.000000,0.000000,0.000,0.000,AP
2026-08-31 20:45:01,1900-01-00 00:00:00,◤rǝs_ʎɐʞ♡,A6:C0:2B:A6:3B:4E,-47, WPA2 ,0.000000,0.000000,0.000,0.000,AP
2026-08-31 20:45:01,1900-01-00 00:00:00,◤rǝs_ʎɐʞ♡,A6:C0:2B:A6:3B:4E,-47, WPA2 ,0.000000,0.000000,0.000,0.000,AP
2026-08-31 20:45:01,1900-01-00 00:00:00,◤rǝs_ʎɐʞ♡,A6:C0:2B:A6:3B:4E,-47, WPA2 ,0.000000,0.000000,0.000,0.000,AP
2026-08-31 20:45:01,1900-01-00 00:00:00,◤rǝs_ʎɐʞ♡,A6:C0:2B:A6:3B:4E,-47, WPA2 ,0.000000,0.000000,0.000,0.000,AP
2026-08-31 20:45:01,1900-01-00 00:00:00,◤rǝs_ʎɐʞ♡,A6:C0:2B:A6:3B:4E,-47, WPA2 ,0.000000,0.000000,0.000,0.000,AP
2026-08-31 20:45:01,1900-01-00 00:00:00,◤rǝs_ʎɐʞ♡,A6:C0:2B:A6:3B:4E,-47, WPA2 ,0.000000,0.000000,0.000,0.000,AP
2026-08-31 20:45:02,1900-01-00 00:00:00,◤rǝs_ʎɐʞ♡,A6:C0:2B:A6:3B:4E,-47, WPA2 ,0.000000,0.000000,0.000,0.000,AP
2026-08-31 20:45:02,1900-01-00 00:00:00,◤rǝs_ʎɐʞ♡,A6:C0:2B:A6:3B:4E,-47, WPA2 ,0.000000,0.000000,0.000,0.000,AP
2026-08-31 20:45:02,1900-01-00 00:00:00,◤rǝs_ʎɐʞ♡,A6:C0:2B:A6:3B:4E,-43, WPA2 ,0.000000,0.000000,0.000,0.000,AP
2026-08-31 20:45:02,1900-01-00 00:00:00,◤rǝs_ʎɐʞ♡,A6:C0:2B:A6:3B:4E,-43, WPA2 ,0.000000,0.000000,0.000,0.000,AP
2026-08-31 20:45:02,1900-01-00 00:00:00,◤rǝs_ʎɐʞ♡,A6:C0:2B:A6:3B:4E,-43, WPA2 ,0.000000,0.000000,0.000,0.000,AP
2026-08-31 20:45:02,1900-01-00 00:00:00,◤rǝs_ʎɐʞ♡,A6:C0:2B:A6:3B:4E,-43, WPA2 ,0.000000,0.000000,0.000,0.000,AP
2026-08-31 20:45:02,1900-01-00 00:00:00,◤rǝs_ʎɐʞ♡,A6:C0:2B:A6:3B:4E,-43, WPA2 ,0.000000,0.000000,0.000,0.000,AP
2026-08-31 20:45:02,1900-01-00 00:00:00,◤rǝs_ʎɐʞ♡,A6:C0:2B:A6:3B:4E,-43, WPA2 ,0.000000,0.000000,0.000,0.000,AP
2026-08-31 20:45:02,1900-01-00 00:00:00,◤rǝs_ʎɐʞ♡,A6:C0:2B:A6:3B:4E,-43, WPA2 ,0.000000,0.000000,0.000,0.000,AP
2026-08-31 20:45:03,1900-01-00 00:00:00,◤rǝs_ʎɐʞ♡,A6:C0:2B:A6:3B:4E,-43, WPA2 ,0.000000,0.000000,0.000,0.000,AP
2026-08-31 20:45:03,1900-01-00 00:00:00,◤rǝs_ʎɐʞ♡,A6:C0:2B:A6:3B:4E,-43, WPA2 ,0.000000,0.000000,0.000,0.000,AP
2026-08-31 20:45:03,1900-01-00 00:00:00,◤rǝs_ʎɐʞ♡,A6:C0:2B:A6:3B:4E,-43, WPA2 ,0.000000,0.000000,0.000,0.000,AP
2026-08-31 20:45:03,1900-01-00 00:00:00,◤rǝs_ʎɐʞ♡,A6:C0:2B:A6:3B:4E,-47, WPA2 ,0.000000,0.000000,0.000,0.000,AP
2026-08-31 20:45:03,1900-01-00 00:00:00,◤rǝs_ʎɐʞ♡,A6:C0:2B:A6:3B:4E,-47, WPA2 ,0.000000,0.000000,0.000,0.000,AP
2026-08-31 20:45:03,1900-01-00 00:00:00,◤rǝs_ʎɐʞ♡,A6:C0:2B:A6:3B:4E,-43, WPA2 ,0.000000,0.000000,0.000,0.000,AP
2026-08-31 20:45:03,1900-01-00 00:00:00,◤rǝs_ʎɐʞ♡,A6:C0:2B:A6:3B:4E,-43, WPA2 ,0.000000,0.000000,0.000,0.000,AP
2026-08-31 20:45:03,1900-01-00 00:00:00,◤rǝs_ʎɐʞ♡,A6:C0:2B:A6:3B:4E,-43, WPA2 ,0.000000,0.000000,0.000,0.000,AP
2026-08-31 20:45:03,1900-01-00 00:00:00,◤rǝs_ʎɐʞ♡,A6:C0:2B:A6:3B:4E,-30, WPA2 ,0.000000,0.000000,0.000,0.000,AP
2026-08-31 20:45:04,1900-01-00 00:00:00,◤rǝs_ʎɐʞ♡,A6:C0:2B:A6:3B:4E,-34, WPA2 ,0.000000,0.000000,0.000,0.000,AP
2026-08-31 20:45:04,1900-01-00 00:00:00,◤rǝs_ʎɐʞ♡,A6:C0:2B:A6:3B:4E,-47, WPA2 ,0.000000,0.000000,0.000,0.000,AP
2026-08-31 20:45:04,1900-01-00 00:00:00,◤rǝs_ʎɐʞ♡,A6:C0:2B:A6:3B:4E,-47, WPA2 ,0.000000,0.000000,0.000,0.000,AP
2026-08-31 20:45:04,1900-01-00 00:00:00,◤rǝs_ʎɐʞ♡,A6:C0:2B:A6:3B:4E,-47, WPA2 ,0.000000,0.000000,0.000,0.000,AP
2026-08-31 20:45:04,1900-01-00 00:00:00,◤rǝs_ʎɐʞ♡,A6:C0:2B:A6:3B:4E,-47, WPA2 ,0.000000,0.000000,0.000,0.000,AP
2026-08-31 20:45:04,1900-01-00 00:00:00,◤rǝs_ʎɐʞ♡,A6:C0:2B:A6:3B:4E,-87, WPA2 ,0.000000,0.000000,0.000,0.000,AP
2026-08-31 20:45:04,1900-01-00 00:00:00,◤rǝs_ʎɐʞ♡,A6:C0:2B:A6:3B:4E,-47, WPA2 ,0.000000,0.000000,0.000,0.000,AP
2026-08-31 20:45:04,1900-01-00 00:00:00,◤rǝs_ʎɐʞ♡,A6:C0:2B:A6:3B:4E,-47, WPA2 ,0.000000,0.000000,0.000,0.000,AP
2026-08-31 20:45:04,1900-01-00 00:00:00,◤rǝs_ʎɐʞ♡,A6:C0:2B:A6:3B:4E,-34, WPA2 ,0.000000,0.000000,0.000,0.000,AP
2026-08-31 20:45:04,1900-01-00 00:00:00,◤rǝs_ʎɐʞ♡,A6:C0:2B:A6:3B:4E,-47, WPA2 ,0.000000,0.000000,0.000,0.000,AP
2026-08-31 20:45:05,1900-01-00 00:00:00,◤rǝs_ʎɐʞ♡,A6:C0:2B:A6:3B:4E,-43, WPA2 ,0.000000,0.000000,0.000,0.000,AP
2026-08-31 20:45:05,1900-01-00 00:00:00,◤rǝs_ʎɐʞ♡,A6:C0:2B:A6:3B:4E,-34, WPA2 ,0.000000,0.000000,0.000,0.000,AP
2026-08-31 20:45:05,1900-01-00 00:00:00,◤rǝs_ʎɐʞ♡,A6:C0:2B:A6:3B:4E,-34, WPA2 ,0.000000,0.000000,0.000,0.000,AP
2026-08-31 20:45:05,1900-01-00 00:00:00,◤rǝs_ʎɐʞ♡,A6:C0:2B:A6:3B:4E,-43, WPA2 ,0.000000,0.000000,0.000,0.000,AP
2026-08-31 20:45:05,1900-01-00 00:00:00,◤rǝs_ʎɐʞ♡,A6:C0:2B:A6:3B:4E,-83, WPA2 ,0.000000,0.000000,0.000,0.000,AP
2026-08-31 20:45:05,1900-01-00 00:00:00,◤rǝs_ʎɐʞ♡,A6:C0:2B:A6:3B:4E,-39, WPA2 ,0.000000,0.000000,0.000,0.000,AP
2026-08-31 20:45:05,1900-01-00 00:00:00,◤rǝs_ʎɐʞ♡,A6:C0:2B:A6:3B:4E,-43, WPA2 ,0.000000,0.000000,0.000,0.000,AP
2026-08-31 20:45:05,1900-01-00 00:00:00,◤rǝs_ʎɐʞ♡,A6:C0:2B:A6:3B:4E,-43, WPA2 ,0.000000,0.000000,0.000,0.000,AP
2026-08-31 20:45:06,1900-01-00 00:00:00,◤rǝs_ʎɐʞ♡,A6:C0:2B:A6:3B:4E,-47, WPA2 ,0.000000,0.000000,0.000,0.000,AP
2026-08-31 20:45:06,1900-01-00 00:00:00,◤rǝs_ʎɐʞ♡,A6:C0:2B:A6:3B:4E,-43, WPA2 ,0.000000,0.000000,0.000,0.000,AP
2026-08-31 20:45:06,1900-01-00 00:00:00,◤rǝs_ʎɐʞ♡,A6:C0:2B:A6:3B:4E,-43, WPA2 ,0.000000,0.000000,0.000,0.000,AP
2026-08-31 20:45:06,1900-01-00 00:00:00,◤rǝs_ʎɐʞ♡,A6:C0:2B:A6:3B:4E,-43, WPA2 ,0.000000,0.000000,0.000,0.000,AP
2026-08-31 20:45:06,1900-01-00 00:00:00,◤rǝs_ʎɐʞ♡,A6:C0:2B:A6:3B:4E,-39, WPA2 ,0.000000,0.000000,0.000,0.000,AP
2026-08-31 20:45:06,1900-01-00 00:00:00,◤rǝs_ʎɐʞ♡,A6:C0:2B:A6:3B:4E,-43, WPA2 ,0.000000,0.000000,0.000,0.000,AP
2026-08-31 20:45:06,1900-01-00 00:00:00,◤rǝs_ʎɐʞ♡,A6:C0:2B:A6:3B:4E,-35, WPA2 ,0.000000,0.000000,0.000,0.000,AP
2026-08-31 20:45:06,1900-01-00 00:00:00,◤rǝs_ʎɐʞ♡,A6:C0:2B:A6:3B:4E,-39, WPA2 ,0.000000,0.000000,0.000,0.000,AP
2026-08-31 20:45:06,1900-01-00 00:00:00,◤rǝs_ʎɐʞ♡,A6:C0:2B:A6:3B:4E,-39, WPA2 ,0.000000,0.000000,0.000,0.000,AP
2026-08-31 20:45:06,1900-01-00 00:00:00,◤rǝs_ʎɐʞ♡,A6:C0:2B:A6:3B:4E,-39, WPA2 ,0.000000,0.000000,0.000,0.000,AP
2026-08-31 20:45:06,1900-01-00 00:00:00,◤rǝs_ʎɐʞ♡,A6:C0:2B:A6:3B:4E,-39, WPA2 ,0.000000,0.000000,0.000,0.000,AP
2026-08-31 20:45:06,1900-01-00 00:00:00,◤rǝs_ʎɐʞ♡,A6:C0:2B:A6:3B:4E,-39, WPA2 ,0.000000,0.000000,0.000,0.000,AP
2026-08-31 20:45:06,1900-01-00 00:00:00,◤rǝs_ʎɐʞ♡,A6:C0:2B:A6:3B:4E,-39, WPA2 ,0.000000,0.000000,0.000,0.000,AP
2026-08-31 20:45:06,1900-01-00 00:00:00,◤rǝs_ʎɐʞ♡,A6:C0:2B:A6:3B:4E,-39, WPA2 ,0.000000,0.000000,0.000,0.000,AP
2026-08-31 20:45:06,1900-01-00 00:00:00,◤rǝs_ʎɐʞ♡,A6:C0:2B:A6:3B:4E,-35, WPA2 ,0.000000,0.000000,0.000,0.000,AP
2026-08-31 20:45:06,1900-01-00 00:00:00,◤rǝs_ʎɐʞ♡,A6:C0:2B:A6:3B:4E,-35, WPA2 ,0.000000,0.000000,0.000,0.000,AP
2026-08-31 20:45:06,1900-01-00 00:00:00,◤rǝs_ʎɐʞ♡,A6:C0:2B:A6:3B:4E,-39, WPA2 ,0.000000,0.000000,0.000,0.000,AP
2026-08-31 20:45:06,1900-01-00 00:00:00,◤rǝs_ʎɐʞ♡,A6:C0:2B:A6:3B:4E,-39, WPA2 ,0.000000,0.000000,0.000,0.000,AP
2026-08-31 20:45:06,1900-01-00 00:00:00,◤rǝs_ʎɐʞ♡,A6:C0:2B:A6:3B:4E,-39, WPA2 ,0.000000,0.000000,0.000,0.000,AP
2026-08-31 20:45:06,1900-01-00 00:00:00,◤rǝs_ʎɐʞ♡,A6:C0:2B:A6:3B:4E,-39, WPA2 ,0.000000,0.000000,0.000,0.000,AP
2026-08-31 20:45:06,1900-01-00 00:00:00,◤rǝs_ʎɐʞ♡,A6:C0:2B:A6:3B:4E,-39, WPA2 ,0.000000,0.000000,0.000,0.000,AP
2026-08-31 20:45:06,1900-01-00 00:00:00,◤rǝs_ʎɐʞ♡,A6:C0:2B:A6:3B:4E,-39, WPA2 ,0.000000,0.000000,0.000,0.000,AP
2026-08-31 20:45:06,1900-01-00 00:00:00,◤rǝs_ʎɐʞ♡,A6:C0:2B:A6:3B:4E,-39, WPA2 ,0.000000,0.000000,0.000,0.000,AP
2026-08-31 20:45:06,1900-01-00 00:00:00,◤rǝs_ʎɐʞ♡,A6:C0:2B:A6:3B:4E,-39, WPA2 ,0.000000,0.000000,0.000,0.000,AP
2026-08-31 20:45:06,1900-01-00 00:00:00,◤rǝs_ʎɐʞ♡,A6:C0:2B:A6:3B:4E,-39, WPA2 ,0.000000,0.000000,0.000,0.000,AP
2026-08-31 20:45:06,1900-01-00 00:00:00,◤rǝs_ʎɐʞ♡,A6:C0:2B:A6:3B:4E,-39, WPA2 ,0.000000,0.000000,0.000,0.000,AP
2026-08-31 20:45:06,1900-01-00 00:00:00,◤rǝs_ʎɐʞ♡,A6:C0:2B:A6:3B:4E,-39, WPA2 ,0.000000,0.000000,0.000,0.000,AP
2026-08-31 20:45:06,1900-01-00 00:00:00,◤rǝs_ʎɐʞ♡,A6:C0:2B:A6:3B:4E,-39, WPA2 ,0.000000,0.000000,0.000,0.000,AP
2026-08-31 20:45:06,1900-01-00 00:00:00,◤rǝs_ʎɐʞ♡,A6:C0:2B:A6:3B:4E,-34, WPA2 ,0.000000,0.000000,0.000,0.000,AP
2026-08-31 20:45:06,1900-01-00 00:00:00,◤rǝs_ʎɐʞ♡,A6:C0:2B:A6:3B:4E,-39, WPA2 ,0.000000,0.000000,0.000,0.000,AP
2026-08-31 20:45:06,1900-01-00 00:00:00,◤rǝs_ʎɐʞ♡,A6:C0:2B:A6:3B:4E,-39, WPA2 ,0.000000,0.000000,0.000,0.000,AP
2026-08-31 20:45:06,1900-01-00 00:00:00,,88:B1:11:6C:63:8A,-30,,0.000000,0.000000,0.000,0.000,Client
2026-08-31 20:45:06,1900-01-00 00:00:00,,88:B1:11:6C:63:8A,-30,,0.000000,0.000000,0.000,0.000,Client
2026-08-31 20:45:06,1900-01-00 00:00:00,,88:B1:11:6C:63:8A,-30,,0.000000,0.000000,0.000,0.000,Client
2026-08-31 20:45:06,1900-01-00 00:00:00,◤rǝs_ʎɐʞ♡,A6:C0:2B:A6:3B:4E,-30, WPA2 ,0.000000,0.000000,0.000,0.000,AP
2026-08-31 20:45:06,1900-01-00 00:00:00,◤rǝs_ʎɐʞ♡,A6:C0:2B:A6:3B:4E,-39, WPA2 ,0.000000,0.000000,0.000,0.000,AP
2026-08-31 20:45:06,1900-01-00 00:00:00,,88:B1:11:6C:63:8A,-31,,0.000000,0.000000,0.000,0.000,Client
2026-08-31 20:45:06,1900-01-00 00:00:00,◤rǝs_ʎɐʞ♡,A6:C0:2B:A6:3B:4E,-39, WPA2 ,0.000000,0.000000,0.000,0.000,AP
2026-08-31 20:45:06,1900-01-00 00:00:00,,88:B1:11:6C:63:8A,-31,,0.000000,0.000000,0.000,0.000,Client
2026-08-31 20:45:06,1900-01-00 00:00:00,,88:B1:11:6C:63:8A,-32,,0.000000,0.000000,0.000,0.000,Client
2026-08-31 20:45:06,1900-01-00 00:00:00,,88:B1:11:6C:63:8A,-32,,0.000000,0.000000,0.000,0.000,Client
2026-08-31 20:45:06,1900-01-00 00:00:00,,88:B1:11:6C:63:8A,-32,,0.000000,0.000000,0.000,0.000,Client
2026-08-31 20:45:07,1900-01-00 00:00:00,,88:B1:11:6C:63:8A,-31,,0.000000,0.000000,0.000,0.000,Client
2026-08-31 20:45:07,1900-01-00 00:00:00,,88:B1:11:6C:63:8A,-30,,0.000000,0.000000,0.000,0.000,Client
2026-08-31 20:45:07,1900-01-00 00:00:00,◤rǝs_ʎɐʞ♡,A6:C0:2B:A6:3B:4E,-39, WPA2 ,0.000000,0.000000,0.000,0.000,AP
2026-08-31 20:45:07,1900-01-00 00:00:00,,88:B1:11:6C:63:8A,-31,,0.000000,0.000000,0.000,0.000,Client
2026-08-31 20:45:07,1900-01-00 00:00:00,,88:B1:11:6C:63:8A,-32,,0.000000,0.000000,0.000,0.000,Client
2026-08-31 20:45:07,1900-01-00 00:00:00,,88:B1:11:6C:63:8A,-31,,0.000000,0.000000,0.000,0.000,Client
2026-08-31 20:45:07,1900-01-00 00:00:00,,88:B1:11:6C:63:8A,-31,,0.000000,0.000000,0.000,0.000,Client
2026-08-31 20:45:07,1900-01-00 00:00:00,◤rǝs_ʎɐʞ♡,A6:C0:2B:A6:3B:4E,-39, WPA2 ,0.000000,0.000000,0.000,0.000,AP
2026-08-31 20:45:07,1900-01-00 00:00:00,◤rǝs_ʎɐʞ♡,A6:C0:2B:A6:3B:4E,-39, WPA2 ,0.000000,0.000000,0.000,0.000,AP
2026-08-31 20:45:07,1900-01-00 00:00:00,,88:B1:11:6C:63:8A,-31,,0.000000,0.000000,0.000,0.000,Client
2026-08-31 20:45:07,1900-01-00 00:00:00,,88:B1:11:6C:63:8A,-31,,0.000000,0.000000,0.000,0.000,Client
2026-08-31 20:45:07,1900-01-00 00:00:00,◤rǝs_ʎɐʞ♡,A6:C0:2B:A6:3B:4E,-39, WPA2 ,0.000000,0.000000,0.000,0.000,AP
2026-08-31 20:45:07,1900-01-00 00:00:00,◤rǝs_ʎɐʞ♡,A6:C0:2B:A6:3B:4E,-39, WPA2 ,0.000000,0.000000,0.000,0.000,AP
2026-08-31 20:45:07,1900-01-00 00:00:00,,88:B1:11:6C:63:8A,-31,,0.000000,0.000000,0.000,0.000,Client
2026-08-31 20:45:07,1900-01-00 00:00:00,,88:B1:11:6C:63:8A,-31,,0.000000,0.000000,0.000,0.000,Client
2026-08-31 20:45:07,1900-01-00 00:00:00,◤rǝs_ʎɐʞ♡,A6:C0:2B:A6:3B:4E,-39, WPA2 ,0.000000,0.000000,0.000,0.000,AP
2026-08-31 20:45:07,1900-01-00 00:00:00,◤rǝs_ʎɐʞ♡,A6:C0:2B:A6:3B:4E,-39, WPA2 ,0.000000,0.000000,0.000,0.000,AP
2026-08-31 20:45:07,1900-01-00 00:00:00,◤rǝs_ʎɐʞ♡,A6:C0:2B:A6:3B:4E,-39, WPA2 ,0.000000,0.000000,0.000,0.000,AP
2026-08-31 20:45:07,1900-01-00 00:00:00,◤rǝs_ʎɐʞ♡,A6:C0:2B:A6:3B:4E,-43, WPA2 ,0.000000,0.000000,0.000,0.000,AP
2026-08-31 20:45:07,1900-01-00 00:00:00,◤rǝs_ʎɐʞ♡,A6:C0:2B:A6:3B:4E,-43, WPA2 ,0.000000,0.000000,0.000,0.000,AP
2026-08-31 20:45:08,1900-01-00 00:00:00,◤rǝs_ʎɐʞ♡,A6:C0:2B:A6:3B:4E,-43, WPA2 ,0.000000,0.000000,0.000,0.000,AP
2026-08-31 20:45:08,1900-01-00 00:00:00,◤rǝs_ʎɐʞ♡,A6:C0:2B:A6:3B:4E,-43, WPA2 ,0.000000,0.000000,0.000,0.000,AP
2026-08-31 20:45:08,1900-01-00 00:00:00,◤rǝs_ʎɐʞ♡,A6:C0:2B:A6:3B:4E,-43, WPA2 ,0.000000,0.000000,0.000,0.000,AP
2026-08-31 20:45:08,1900-01-00 00:00:00,◤rǝs_ʎɐʞ♡,A6:C0:2B:A6:3B:4E,-47, WPA2 ,0.000000,0.000000,0.000,0.000,AP
2026-08-31 20:45:08,1900-01-00 00:00:00,◤rǝs_ʎɐʞ♡,A6:C0:2B:A6:3B:4E,-47, WPA2 ,0.000000,0.000000,0.000,0.000,AP
2026-08-31 20:45:08,1900-01-00 00:00:00,◤rǝs_ʎɐʞ♡,A6:C0:2B:A6:3B:4E,-47, WPA2 ,0.000000,0.000000,0.000,0.000,AP
2026-08-31 20:45:08,1900-01-00 00:00:00,◤rǝs_ʎɐʞ♡,A6:C0:2B:A6:3B:4E,-47, WPA2 ,0.000000,0.000000,0.000,0.000,AP
2026-08-31 20:45:08,1900-01-00 00:00:00,◤rǝs_ʎɐʞ♡,A6:C0:2B:A6:3B:4E,-47, WPA2 ,0.000000,0.000000,0.000,0.000,AP
2026-08-31 20:45:08,1900-01-00 00:00:00,,88:B1:11:6C:63:8A,-33,,0.000000,0.000000,0.000,0.000,Client
2026-08-31 20:45:08,1900-01-00 00:00:00,◤rǝs_ʎɐʞ♡,A6:C0:2B:A6:3B:4E,-47, WPA2 ,0.000000,0.000000,0.000,0.000,AP
2026-08-31 20:45:09,1900-01-00 00:00:00,◤rǝs_ʎɐʞ♡,A6:C0:2B:A6:3B:4E,-47, WPA2 ,0.000000,0.000000,0.000,0.000,AP
2026-08-31 20:45:09,1900-01-00 00:00:00,◤rǝs_ʎɐʞ♡,A6:C0:2B:A6:3B:4E,-47, WPA2 ,0.000000,0.000000,0.000,0.000,AP
2026-08-31 20:45:09,1900-01-00 00:00:00,◤rǝs_ʎɐʞ♡,A6:C0:2B:A6:3B:4E,-43, WPA2 ,0.000000,0.000000,0.000,0.000,AP
2026-08-31 20:45:09,1900-01-00 00:00:00,◤rǝs_ʎɐʞ♡,A6:C0:2B:A6:3B:4E,-47, WPA2 ,0.000000,0.000000,0.000,0.000,AP
2026-08-31 20:45:09,1900-01-00 00:00:00,◤rǝs_ʎɐʞ♡,A6:C0:2B:A6:3B:4E,-47, WPA2 ,0.000000,0.000000,0.000,0.000,AP
2026-08-31 20:45:09,1900-01-00 00:00:00,◤rǝs_ʎɐʞ♡,A6:C0:2B:A6:3B:4E,-47, WPA2 ,0.000000,0.000000,0.000,0.000,AP
2026-08-31 20:45:09,1900-01-00 00:00:00,◤rǝs_ʎɐʞ♡,A6:C0:2B:A6:3B:4E,-47, WPA2 ,0.000000,0.000000,0.000,0.000,AP
2026-08-31 20:45:09,1900-01-00 00:00:00,◤rǝs_ʎɐʞ♡,A6:C0:2B:A6:3B:4E,-43, WPA2 ,0.000000,0.000000,0.000,0.000,AP
2026-08-31 20:45:09,1900-01-00 00:00:00,◤rǝs_ʎɐʞ♡,A6:C0:2B:A6:3B:4E,-47, WPA2 ,0.000000,0.000000,0.000,0.000,AP
2026-08-31 20:45:09,1900-01-00 00:00:00,◤rǝs_ʎɐʞ♡,A6:C0:2B:A6:3B:4E,-43, WPA2 ,0.000000,0.000000,0.000,0.000,AP
2026-08-31 20:45:10,1900-01-00 00:00:00,◤rǝs_ʎɐʞ♡,A6:C0:2B:A6:3B:4E,-43, WPA2 ,0.000000,0.000000,0.000,0.000,AP
2026-08-31 20:45:10,1900-01-00 00:00:00,◤rǝs_ʎɐʞ♡,A6:C0:2B:A6:3B:4E,-43, WPA2 ,0.000000,0.000000,0.000,0.000,AP
2026-08-31 20:45:10,1900-01-00 00:00:00,◤rǝs_ʎɐʞ♡,A6:C0:2B:A6:3B:4E,-43, WPA2 ,0.000000,0.000000,0.000,0.000,AP
2026-08-31 20:45:10,1900-01-00 00:00:00,◤rǝs_ʎɐʞ♡,A6:C0:2B:A6:3B:4E,-43, WPA2 ,0.000000,0.000000,0.000,0.000,AP
2026-08-31 20:45:10,1900-01-00 00:00:00,◤rǝs_ʎɐʞ♡,A6:C0:2B:A6:3B:4E,-43, WPA2 ,0.000000,0.000000,0.000,0.000,AP
2026-08-31 20:45:10,1900-01-00 00:00:00,◤rǝs_ʎɐʞ♡,A6:C0:2B:A6:3B:4E,-43, WPA2 ,0.000000,0.000000,0.000,0.000,AP
2026-08-31 20:45:10,1900-01-00 00:00:00,◤rǝs_ʎɐʞ♡,A6:C0:2B:A6:3B:4E,-43, WPA2 ,0.000000,0.000000,0.000,0.000,AP
2026-08-31 20:45:10,1900-01-00 00:00:00,◤rǝs_ʎɐʞ♡,A6:C0:2B:A6:3B:4E,-43, WPA2 ,0.000000,0.000000,0.000,0.000,AP
2026-08-31 20:45:10,1900-01-00 00:00:00,◤rǝs_ʎɐʞ♡,A6:C0:2B:A6:3B:4E,-43, WPA2 ,0.000000,0.000000,0.000,0.000,AP
2026-08-31 20:45:11,1900-01-00 00:00:00,◤rǝs_ʎɐʞ♡,A6:C0:2B:A6:3B:4E,-43, WPA2 ,0.000000,0.000000,0.000,0.000,AP
2026-08-31 20:45:11,1900-01-00 00:00:00,◤rǝs_ʎɐʞ♡,A6:C0:2B:A6:3B:4E,-83, WPA2 ,0.000000,0.000000,0.000,0.000,AP
2026-08-31 20:45:11,1900-01-00 00:00:00,◤rǝs_ʎɐʞ♡,A6:C0:2B:A6:3B:4E,-43, WPA2 ,0.000000,0.000000,0.000,0.000,AP
2026-08-31 20:45:11,1900-01-00 00:00:00,◤rǝs_ʎɐʞ♡,A6:C0:2B:A6:3B:4E,-43, WPA2 ,0.000000,0.000000,0.000,0.000,AP
2026-08-31 20:45:11,1900-01-00 00:00:00,◤rǝs_ʎɐʞ♡,A6:C0:2B:A6:3B:4E,-43, WPA2 ,0.000000,0.000000,0.000,0.000,AP
2026-08-31 20:45:11,1900-01-00 00:00:00,◤rǝs_ʎɐʞ♡,A6:C0:2B:A6:3B:4E,-47, WPA2 ,0.000000,0.000000,0.000,0.000,AP
2026-08-31 20:45:11,1900-01-00 00:00:00,◤rǝs_ʎɐʞ♡,A6:C0:2B:A6:3B:4E,-47, WPA2 ,0.000000,0.000000,0.000,0.000,AP
2026-08-31 20:45:11,1900-01-00 00:00:00,◤rǝs_ʎɐʞ♡,A6:C0:2B:A6:3B:4E,-43, WPA2 ,0.000000,0.000000,0.000,0.000,AP
2026-08-31 20:45:11,1900-01-00 00:00:00,◤rǝs_ʎɐʞ♡,A6:C0:2B:A6:3B:4E,-43, WPA2 ,0.000000,0.000000,0.000,0.000,AP
2026-08-31 20:45:11,1900-01-00 00:00:00,◤rǝs_ʎɐʞ♡,A6:C0:2B:A6:3B:4E,-47, WPA2 ,0.000000,0.000000,0.000,0.000,AP
2026-08-31 20:45:12,1900-01-00 00:00:00,◤rǝs_ʎɐʞ♡,A6:C0:2B:A6:3B:4E,-35, WPA2 ,0.000000,0.000000,0.000,0.000,AP
2026-08-31 20:45:12,1900-01-00 00:00:00,◤rǝs_ʎɐʞ♡,A6:C0:2B:A6:3B:4E,-47, WPA2 ,0.000000,0.000000,0.000,0.000,AP
2026-08-31 20:45:12,1900-01-00 00:00:00,◤rǝs_ʎɐʞ♡,A6:C0:2B:A6:3B:4E,-43, WPA2 ,0.000000,0.000000,0.000,0.000,AP
2026-08-31 20:45:12,1900-01-00 00:00:00,◤rǝs_ʎɐʞ♡,A6:C0:2B:A6:3B:4E,-47, WPA2 ,0.000000,0.000000,0.000,0.000,AP
2026-08-31 20:45:12,1900-01-00 00:00:00,◤rǝs_ʎɐʞ♡,A6:C0:2B:A6:3B:4E,-47, WPA2 ,0.000000,0.000000,0.000,0.000,AP
2026-08-31 20:45:12,1900-01-00 00:00:00,◤rǝs_ʎɐʞ♡,A6:C0:2B:A6:3B:4E,-47, WPA2 ,0.000000,0.000000,0.000,0.000,AP
2026-08-31 20:45:12,1900-01-00 00:00:00,◤rǝs_ʎɐʞ♡,A6:C0:2B:A6:3B:4E,-47, WPA2 ,0.000000,0.000000,0.000,0.000,AP
2026-08-31 20:45:12,1900-01-00 00:00:00,◤rǝs_ʎɐʞ♡,A6:C0:2B:A6:3B:4E,-43, WPA2 ,0.000000,0.000000,0.000,0.000,AP
2026-08-31 20:45:12,1900-01-00 00:00:00,◤rǝs_ʎɐʞ♡,A6:C0:2B:A6:3B:4E,-47, WPA2 ,0.000000,0.000000,0.000,0.000,AP
2026-08-31 20:45:13,1900-01-00 00:00:00,◤rǝs_ʎɐʞ♡,A6:C0:2B:A6:3B:4E,-43, WPA2 ,0.000000,0.000000,0.000,0.000,AP
2026-08-31 20:45:13,1900-01-00 00:00:00,◤rǝs_ʎɐʞ♡,A6:C0:2B:A6:3B:4E,-43, WPA2 ,0.000000,0.000000,0.000,0.000,AP
2026-08-31 20:45:13,1900-01-00 00:00:00,◤rǝs_ʎɐʞ♡,A6:C0:2B:A6:3B:4E,-47, WPA2 ,0.000000,0.000000,0.000,0.000,AP
2026-08-31 20:45:13,1900-01-00 00:00:00,◤rǝs_ʎɐʞ♡,A6:C0:2B:A6:3B:4E,-35, WPA2 ,0.000000,0.000000,0.000,0.000,AP
2026-08-31 20:45:13,1900-01-00 00:00:00,◤rǝs_ʎɐʞ♡,A6:C0:2B:A6:3B:4E,-47, WPA2 ,0.000000,0.000000,0.000,0.000,AP
2026-08-31 20:45:13,1900-01-00 00:00:00,◤rǝs_ʎɐʞ♡,A6:C0:2B:A6:3B:4E,-47, WPA2 ,0.000000,0.000000,0.000,0.000,AP
2026-08-31 20:45:13,1900-01-00 00:00:00,◤rǝs_ʎɐʞ♡,A6:C0:2B:A6:3B:4E,-43, WPA2 ,0.000000,0.000000,0.000,0.000,AP
2026-08-31 20:45:13,1900-01-00 00:00:00,◤rǝs_ʎɐʞ♡,A6:C0:2B:A6:3B:4E,-35, WPA2 ,0.000000,0.000000,0.000,0.000,AP
2026-08-31 20:45:13,1900-01-00 00:00:00,◤rǝs_ʎɐʞ♡,A6:C0:2B:A6:3B:4E,-43, WPA2 ,0.000000,0.000000,0.000,0.000,AP
2026-08-31 20:45:14,1900-01-00 00:00:00,◤rǝs_ʎɐʞ♡,A6:C0:2B:A6:3B:4E,-43, WPA2 ,0.000000,0.000000,0.000,0.000,AP
2026-08-31 20:45:14,1900-01-00 00:00:00,◤rǝs_ʎɐʞ♡,A6:C0:2B:A6:3B:4E,-43, WPA2 ,0.000000,0.000000,0.000,0.000,AP
2026-08-31 20:45:14,1900-01-00 00:00:00,◤rǝs_ʎɐʞ♡,A6:C0:2B:A6:3B:4E,-43, WPA2 ,0.000000,0.000000,0.000,0.000,AP
2026-08-31 20:45:14,1900-01-00 00:00:00,◤rǝs_ʎɐʞ♡,A6:C0:2B:A6:3B:4E,-43, WPA2 ,0.000000,0.000000,0.000,0.000,AP
2026-08-31 20:45:14,1900-01-00 00:00:00,◤rǝs_ʎɐʞ♡,A6:C0:2B:A6:3B:4E,-47, WPA2 ,0.000000,0.000000,0.000,0.000,AP
2026-08-31 20:45:14,1900-01-00 00:00:00,◤rǝs_ʎɐʞ♡,A6:C0:2B:A6:3B:4E,-47, WPA2 ,0.000000,0.000000,0.000,0.000,AP
2026-08-31 20:45:14,1900-01-00 00:00:00,◤rǝs_ʎɐʞ♡,A6:C0:2B:A6:3B:4E,-43, WPA2 ,0.000000,0.000000,0.000,0.000,AP
2026-08-31 20:45:14,1900-01-00 00:00:00,◤rǝs_ʎɐʞ♡,A6:C0:2B:A6:3B:4E,-47, WPA2 ,0.000000,0.000000,0.000,0.000,AP
2026-08-31 20:45:14,1900-01-00 00:00:00,◤rǝs_ʎɐʞ♡,A6:C0:2B:A6:3B:4E,-43, WPA2 ,0.000000,0.000000,0.000,0.000,AP
2026-08-31 20:45:14,1900-01-00 00:00:00,◤rǝs_ʎɐʞ♡,A6:C0:2B:A6:3B:4E,-35, WPA2 ,0.000000,0.000000,0.000,0.000,AP
2026-08-31 20:45:15,1900-01-00 00:00:00,◤rǝs_ʎɐʞ♡,A6:C0:2B:A6:3B:4E,-47, WPA2 ,0.000000,0.000000,0.000,0.000,AP
2026-08-31 20:45:15,1900-01-00 00:00:00,◤rǝs_ʎɐʞ♡,A6:C0:2B:A6:3B:4E,-47, WPA2 ,0.000000,0.000000,0.000,0.000,AP
2026-08-31 20:45:15,1900-01-00 00:00:00,◤rǝs_ʎɐʞ♡,A6:C0:2B:A6:3B:4E,-43, WPA2 ,0.000000,0.000000,0.000,0.000,AP
2026-08-31 20:45:15,1900-01-00 00:00:00,◤rǝs_ʎɐʞ♡,A6:C0:2B:A6:3B:4E,-47, WPA2 ,0.000000,0.000000,0.000,0.000,AP
2026-08-31 20:45:15,1900-01-00 00:00:00,◤rǝs_ʎɐʞ♡,A6:C0:2B:A6:3B:4E,-47, WPA2 ,0.000000,0.000000,0.000,0.000,AP
2026-08-31 20:45:15,1900-01-00 00:00:00,◤rǝs_ʎɐʞ♡,A6:C0:2B:A6:3B:4E,-47, WPA2 ,0.000000,0.000000,0.000,0.000,AP
2026-08-31 20:45:15,1900-01-00 00:00:00,◤rǝs_ʎɐʞ♡,A6:C0:2B:A6:3B:4E,-47, WPA2 ,0.000000,0.000000,0.000,0.000,AP
2026-08-31 20:45:15,1900-01-00 00:00:00,◤rǝs_ʎɐʞ♡,A6:C0:2B:A6:3B:4E,-47, WPA2 ,0.000000,0.000000,0.000,0.000,AP
2026-08-31 20:45:15,1900-01-00 00:00:00,◤rǝs_ʎɐʞ♡,A6:C0:2B:A6:3B:4E,-47, WPA2 ,0.000000,0.000000,0.000,0.000,AP
2026-08-31 20:45:15,1900-01-00 00:00:00,◤rǝs_ʎɐʞ♡,A6:C0:2B:A6:3B:4E,-47, WPA2 ,0.000000,0.000000,0.000,0.000,AP
2026-08-31 20:45:16,1900-01-00 00:00:00,◤rǝs_ʎɐʞ♡,A6:C0:2B:A6:3B:4E,-47, WPA2 ,0.000000,0.000000,0.000,0.000,AP
2026-08-31 20:45:16,1900-01-00 00:00:00,◤rǝs_ʎɐʞ♡,A6:C0:2B:A6:3B:4E,-47, WPA2 ,0.000000,0.000000,0.000,0.000,AP
2026-08-31 20:45:16,1900-01-00 00:00:00,◤rǝs_ʎɐʞ♡,A6:C0:2B:A6:3B:4E,-47, WPA2 ,0.000000,0.000000,0.000,0.000,AP
2026-08-31 20:45:16,1900-01-00 00:00:00,◤rǝs_ʎɐʞ♡,A6:C0:2B:A6:3B:4E,-47, WPA2 ,0.000000,0.000000,0.000,0.000,AP
2026-08-31 20:45:16,1900-01-00 00:00:00,◤rǝs_ʎɐʞ♡,A6:C0:2B:A6:3B:4E,-47, WPA2 ,0.000000,0.000000,0.000,0.000,AP
2026-08-31 20:45:16,1900-01-00 00:00:00,◤rǝs_ʎɐʞ♡,A6:C0:2B:A6:3B:4E,-43, WPA2 ,0.000000,0.000000,0.000,0.000,AP
2026-08-31 20:45:16,1900-01-00 00:00:00,◤rǝs_ʎɐʞ♡,A6:C0:2B:A6:3B:4E,-43, WPA2 ,0.000000,0.000000,0.000,0.000,AP
2026-08-31 20:45:16,1900-01-00 00:00:00,◤rǝs_ʎɐʞ♡,A6:C0:2B:A6:3B:4E,-47, WPA2 ,0.000000,0.000000,0.000,0.000,AP
2026-08-31 20:45:17,1900-01-00 00:00:00,◤rǝs_ʎɐʞ♡,A6:C0:2B:A6:3B:4E,-47, WPA2 ,0.000000,0.000000,0.000,0.000,AP
2026-08-31 20:45:17,1900-01-00 00:00:00,◤rǝs_ʎɐʞ♡,A6:C0:2B:A6:3B:4E,-47, WPA2 ,0.000000,0.000000,0.000,0.000,AP
2026-08-31 20:45:17,1900-01-00 00:00:00,◤rǝs_ʎɐʞ♡,A6:C0:2B:A6:3B:4E,-47, WPA2 ,0.000000,0.000000,0.000,0.000,AP
2026-08-31 20:45:17,1900-01-00 00:00:00,◤rǝs_ʎɐʞ♡,A6:C0:2B:A6:3B:4E,-47, WPA2 ,0.000000,0.000000,0.000,0.000,AP
2026-08-31 20:45:17,1900-01-00 00:00:00,◤rǝs_ʎɐʞ♡,A6:C0:2B:A6:3B:4E,-47, WPA2 ,0.000000,0.000000,0.000,0.000,AP
2026-08-31 20:45:17,1900-01-00 00:00:00,◤rǝs_ʎɐʞ♡,A6:C0:2B:A6:3B:4E,-34, WPA2 ,0.000000,0.000000,0.000,0.000,AP
2026-08-31 20:45:17,1900-01-00 00:00:00,◤rǝs_ʎɐʞ♡,A6:C0:2B:A6:3B:4E,-43, WPA2 ,0.000000,0.000000,0.000,0.000,AP
2026-08-31 20:45:17,1900-01-00 00:00:00,◤rǝs_ʎɐʞ♡,A6:C0:2B:A6:3B:4E,-34, WPA2 ,0.000000,0.000000,0.000,0.000,AP
2026-08-31 20:45:17,1900-01-00 00:00:00,◤rǝs_ʎɐʞ♡,A6:C0:2B:A6:3B:4E,-43, WPA2 ,0.000000,0.000000,0.000,0.000,AP
2026-08-31 20:45:17,1900-01-00 00:00:00,◤rǝs_ʎɐʞ♡,A6:C0:2B:A6:3B:4E,-43, WPA2 ,0.000000,0.000000,0.000,0.000,AP
2026-08-31 20:45:18,1900-01-00 00:00:00,◤rǝs_ʎɐʞ♡,A6:C0:2B:A6:3B:4E,-47, WPA2 ,0.000000,0.000000,0.000,0.000,AP
2026-08-31 20:45:18,1900-01-00 00:00:00,◤rǝs_ʎɐʞ♡,A6:C0:2B:A6:3B:4E,-47, WPA2 ,0.000000,0.000000,0.000,0.000,AP
2026-08-31 20:45:18,1900-01-00 00:00:00,◤rǝs_ʎɐʞ♡,A6:C0:2B:A6:3B:4E,-47, WPA2 ,0.000000,0.000000,0.000,0.000,AP
2026-08-31 20:45:18,1900-01-00 00:00:00,◤rǝs_ʎɐʞ♡,A6:C0:2B:A6:3B:4E,-47, WPA2 ,0.000000,0.000000,0.000,0.000,AP
2026-08-31 20:45:18,1900-01-00 00:00:00,◤rǝs_ʎɐʞ♡,A6:C0:2B:A6:3B:4E,-47, WPA2 ,0.000000,0.000000,0.000,0.000,AP
2026-08-31 20:45:18,1900-01-00 00:00:00,◤rǝs_ʎɐʞ♡,A6:C0:2B:A6:3B:4E,-47, WPA2 ,0.000000,0.000000,0.000,0.000,AP
2026-08-31 20:45:18,1900-01-00 00:00:00,◤rǝs_ʎɐʞ♡,A6:C0:2B:A6:3B:4E,-43, WPA2 ,0.000000,0.000000,0.000,0.000,AP
2026-08-31 20:45:18,1900-01-00 00:00:00,◤rǝs_ʎɐʞ♡,A6:C0:2B:A6:3B:4E,-47, WPA2 ,0.000000,0.000000,0.000,0.000,AP
2026-08-31 20:45:19,1900-01-00 00:00:00,◤rǝs_ʎɐʞ♡,A6:C0:2B:A6:3B:4E,-47, WPA2 ,0.000000,0.000000,0.000,0.000,AP
2026-08-31 20:45:19,1900-01-00 00:00:00,,88:B1:11:6C:63:8A,-31,,0.000000,0.000000,0.000,0.000,Client
2026-08-31 20:45:19,1900-01-00 00:00:00,,88:B1:11:6C:63:8A,-31,,0.000000,0.000000,0.000,0.000,Client
2026-08-31 20:45:19,1900-01-00 00:00:00,,88:B1:11:6C:63:8A,-30,,0.000000,0.000000,0.000,0.000,Client
2026-08-31 20:45:19,1900-01-00 00:00:00,,88:B1:11:6C:63:8A,-32,,0.000000,0.000000,0.000,0.000,Client
2026-08-31 20:45:19,1900-01-00 00:00:00,,88:B1:11:6C:63:8A,-32,,0.000000,0.000000,0.000,0.000,Client
2026-08-31 20:45:19,1900-01-00 00:00:00,◤rǝs_ʎɐʞ♡,A6:C0:2B:A6:3B:4E,-67, WPA2 ,0.000000,0.000000,0.000,0.000,AP
2026-08-31 20:45:19,1900-01-00 00:00:00,,88:B1:11:6C:63:8A,-32,,0.000000,0.000000,0.000,0.000,Client
2026-08-31 20:45:19,1900-01-00 00:00:00,,88:B1:11:6C:63:8A,-32,,0.000000,0.000000,0.000,0.000,Client
2026-08-31 20:45:19,1900-01-00 00:00:00,,88:B1:11:6C:63:8A,-33,,0.000000,0.000000,0.000,0.000,Client
2026-08-31 20:45:19,1900-01-00 00:00:00,◤rǝs_ʎɐʞ♡,A6:C0:2B:A6:3B:4E,-43, WPA2 ,0.000000,0.000000,0.000,0.000,AP
2026-08-31 20:45:19,1900-01-00 00:00:00,,88:B1:11:6C:63:8A,-31,,0.000000,0.000000,0.000,0.000,Client
2026-08-31 20:45:19,1900-01-00 00:00:00,,88:B1:11:6C:63:8A,-31,,0.000000,0.000000,0.000,0.000,Client
2026-08-31 20:45:19,1900-01-00 00:00:00,,88:B1:11:6C:63:8A,-34,,0.000000,0.000000,0.000,0.000,Client
2026-08-31 20:45:19,1900-01-00 00:00:00,,88:B1:11:6C:63:8A,-39,,0.000000,0.000000,0.000,0.000,Client
2026-08-31 20:45:19,1900-01-00 00:00:00,◤rǝs_ʎɐʞ♡,A6:C0:2B:A6:3B:4E,-43, WPA2 ,0.000000,0.000000,0.000,0.000,AP
2026-08-31 20:45:19,1900-01-00 00:00:00,,88:B1:11:6C:63:8A,-33,,0.000000,0.000000,0.000,0.000,Client
2026-08-31 20:45:19,1900-01-00 00:00:00,,88:B1:11:6C:63:8A,-33,,0.000000,0.000000,0.000,0.000,Client
2026-08-31 20:45:19,1900-01-00 00:00:00,,88:B1:11:6C:63:8A,-33,,0.000000,0.000000,0.000,0.000,Client
2026-08-31 20:45:19,1900-01-00 00:00:00,◤rǝs_ʎɐʞ♡,A6:C0:2B:A6:3B:4E,-43, WPA2 ,0.000000,0.000000,0.000,0.000,AP
2026-08-31 20:45:19,1900-01-00 00:00:00,◤rǝs_ʎɐʞ♡,A6:C0:2B:A6:3B:4E,-43, WPA2 ,0.000000,0.000000,0.000,0.000,AP
2026-08-31 20:45:19,1900-01-00 00:00:00,◤rǝs_ʎɐʞ♡,A6:C0:2B:A6:3B:4E,-43, WPA2 ,0.000000,0.000000,0.000,0.000,AP
2026-08-31 20:45:19,1900-01-00 00:00:00,,88:B1:11:6C:63:8A,-32,,0.000000,0.000000,0.000,0.000,Client
2026-08-31 20:45:19,1900-01-00 00:00:00,◤rǝs_ʎɐʞ♡,A6:C0:2B:A6:3B:4E,-43, WPA2 ,0.000000,0.000000,0.000,0.000,AP
2026-08-31 20:45:19,1900-01-00 00:00:00,,88:B1:11:6C:63:8A,-33,,0.000000,0.000000,0.000,0.000,Client
2026-08-31 20:45:19,1900-01-00 00:00:00,,88:B1:11:6C:63:8A,-33,,0.000000,0.000000,0.000,0.000,Client
2026-08-31 20:45:19,1900-01-00 00:00:00,,88:B1:11:6C:63:8A,-32,,0.000000,0.000000,0.000,0.000,Client
2026-08-31 20:45:19,1900-01-00 00:00:00,◤rǝs_ʎɐʞ♡,A6:C0:2B:A6:3B:4E,-43, WPA2 ,0.000000,0.000000,0.000,0.000,AP
2026-08-31 20:45:20,1900-01-00 00:00:00,,88:B1:11:6C:63:8A,-33,,0.000000,0.000000,0.000,0.000,Client
2026-08-31 20:45:20,1900-01-00 00:00:00,,88:B1:11:6C:63:8A,-33,,0.000000,0.000000,0.000,0.000,Client
2026-08-31 20:45:20,1900-01-00 00:00:00,◤rǝs_ʎɐʞ♡,A6:C0:2B:A6:3B:4E,-43, WPA2 ,0.000000,0.000000,0.000,0.000,AP
2026-08-31 20:45:20,1900-01-00 00:00:00,,88:B1:11:6C:63:8A,-33,,0.000000,0.000000,0.000,0.000,Client
2026-08-31 20:45:20,1900-01-00 00:00:00,◤rǝs_ʎɐʞ♡,A6:C0:2B:A6:3B:4E,-43, WPA2 ,0.000000,0.000000,0.000,0.000,AP
2026-08-31 20:45:20,1900-01-00 00:00:00,◤rǝs_ʎɐʞ♡,A6:C0:2B:A6:3B:4E,-43, WPA2 ,0.000000,0.000000,0.000,0.000,AP
2026-08-31 20:45:20,1900-01-00 00:00:00,◤rǝs_ʎɐʞ♡,A6:C0:2B:A6:3B:4E,-43, WPA2 ,0.000000,0.000000,0.000,0.000,AP
2026-08-31 20:45:20,1900-01-00 00:00:00,◤rǝs_ʎɐʞ♡,A6:C0:2B:A6:3B:4E,-43, WPA2 ,0.000000,0.000000,0.000,0.000,AP
2026-08-31 20:45:20,1900-01-00 00:00:00,◤rǝs_ʎɐʞ♡,A6:C0:2B:A6:3B:4E,-43, WPA2 ,0.000000,0.000000,0.000,0.000,AP
2026-08-31 20:45:20,1900-01-00 00:00:00,◤rǝs_ʎɐʞ♡,A6:C0:2B:A6:3B:4E,-47, WPA2 ,0.000000,0.000000,0.000,0.000,AP
2026-08-31 20:45:20,1900-01-00 00:00:00,◤rǝs_ʎɐʞ♡,A6:C0:2B:A6:3B:4E,-47, WPA2 ,0.000000,0.000000,0.000,0.000,AP
2026-08-31 20:45:20,1900-01-00 00:00:00,◤rǝs_ʎɐʞ♡,A6:C0:2B:A6:3B:4E,-47, WPA2 ,0.000000,0.000000,0.000,0.000,AP
2026-08-31 20:45:21,1900-01-00 00:00:00,◤rǝs_ʎɐʞ♡,A6:C0:2B:A6:3B:4E,-43, WPA2 ,0.000000,0.000000,0.000,0.000,AP
2026-08-31 20:45:21,1900-01-00 00:00:00,◤rǝs_ʎɐʞ♡,A6:C0:2B:A6:3B:4E,-43, WPA2 ,0.000000,0.000000,0.000,0.000,AP
2026-08-31 20:45:21,1900-01-00 00:00:00,◤rǝs_ʎɐʞ♡,A6:C0:2B:A6:3B:4E,-47, WPA2 ,0.000000,0.000000,0.000,0.000,AP
2026-08-31 20:45:21,1900-01-00 00:00:00,◤rǝs_ʎɐʞ♡,A6:C0:2B:A6:3B:4E,-35, WPA2 ,0.000000,0.000000,0.000,0.000,AP
2026-08-31 20:45:21,1900-01-00 00:00:00,◤rǝs_ʎɐʞ♡,A6:C0:2B:A6:3B:4E,-43, WPA2 ,0.000000,0.000000,0.000,0.000,AP
2026-08-31 20:45:21,1900-01-00 00:00:00,◤rǝs_ʎɐʞ♡,A6:C0:2B:A6:3B:4E,-47, WPA2 ,0.000000,0.000000,0.000,0.000,AP
2026-08-31 20:45:21,1900-01-00 00:00:00,◤rǝs_ʎɐʞ♡,A6:C0:2B:A6:3B:4E,-43, WPA2 ,0.000000,0.000000,0.000,0.000,AP
2026-08-31 20:45:21,1900-01-00 00:00:00,◤rǝs_ʎɐʞ♡,A6:C0:2B:A6:3B:4E,-43, WPA2 ,0.000000,0.000000,0.000,0.000,AP
2026-08-31 20:45:21,1900-01-00 00:00:00,◤rǝs_ʎɐʞ♡,A6:C0:2B:A6:3B:4E,-43, WPA2 ,0.000000,0.000000,0.000,0.000,AP
2026-08-31 20:45:22,1900-01-00 00:00:00,◤rǝs_ʎɐʞ♡,A6:C0:2B:A6:3B:4E,-43, WPA2 ,0.000000,0.000000,0.000,0.000,AP
2026-08-31 20:45:22,1900-01-00 00:00:00,◤rǝs_ʎɐʞ♡,A6:C0:2B:A6:3B:4E,-43, WPA2 ,0.000000,0.000000,0.000,0.000,AP
2026-08-31 20:45:22,1900-01-00 00:00:00,◤rǝs_ʎɐʞ♡,A6:C0:2B:A6:3B:4E,-43, WPA2 ,0.000000,0.000000,0.000,0.000,AP
2026-08-31 20:45:22,1900-01-00 00:00:00,◤rǝs_ʎɐʞ♡,A6:C0:2B:A6:3B:4E,-39, WPA2 ,0.000000,0.000000,0.000,0.000,AP
2026-08-31 20:45:22,1900-01-00 00:00:00,◤rǝs_ʎɐʞ♡,A6:C0:2B:A6:3B:4E,-43, WPA2 ,0.000000,0.000000,0.000,0.000,AP
2026-08-31 20:45:22,1900-01-00 00:00:00,◤rǝs_ʎɐʞ♡,A6:C0:2B:A6:3B:4E,-43, WPA2 ,0.000000,0.000000,0.000,0.000,AP
2026-08-31 20:45:22,1900-01-00 00:00:00,◤rǝs_ʎɐʞ♡,A6:C0:2B:A6:3B:4E,-39, WPA2 ,0.000000,0.000000,0.000,0.000,AP
2026-08-31 20:45:22,1900-01-00 00:00:00,◤rǝs_ʎɐʞ♡,A6:C0:2B:A6:3B:4E,-43, WPA2 ,0.000000,0.000000,0.000,0.000,AP
2026-08-31 20:45:22,1900-01-00 00:00:00,◤rǝs_ʎɐʞ♡,A6:C0:2B:A6:3B:4E,-43, WPA2 ,0.000000,0.000000,0.000,0.000,AP
2026-08-31 20:45:23,1900-01-00 00:00:00,◤rǝs_ʎɐʞ♡,A6:C0:2B:A6:3B:4E,-43, WPA2 ,0.000000,0.000000,0.000,0.000,AP
2026-08-31 20:45:23,1900-01-00 00:00:00,◤rǝs_ʎɐʞ♡,A6:C0:2B:A6:3B:4E,-43, WPA2 ,0.000000,0.000000,0.000,0.000,AP
2026-08-31 20:45:23,1900-01-00 00:00:00,◤rǝs_ʎɐʞ♡,A6:C0:2B:A6:3B:4E,-43, WPA2 ,0.000000,0.000000,0.000,0.000,AP
2026-08-31 20:45:23,1900-01-00 00:00:00,◤rǝs_ʎɐʞ♡,A6:C0:2B:A6:3B:4E,-43, WPA2 ,0.000000,0.000000,0.000,0.000,AP
2026-08-31 20:45:23,1900-01-00 00:00:00,◤rǝs_ʎɐʞ♡,A6:C0:2B:A6:3B:4E,-43, WPA2 ,0.000000,0.000000,0.000,0.000,AP
2026-08-31 20:45:23,1900-01-00 00:00:00,◤rǝs_ʎɐʞ♡,A6:C0:2B:A6:3B:4E,-43, WPA2 ,0.000000,0.000000,0.000,0.000,AP
2026-08-31 20:45:23,1900-01-00 00:00:00,◤rǝs_ʎɐʞ♡,A6:C0:2B:A6:3B:4E,-43, WPA2 ,0.000000,0.000000,0.000,0.000,AP
2026-08-31 20:45:23,1900-01-00 00:00:00,◤rǝs_ʎɐʞ♡,A6:C0:2B:A6:3B:4E,-43, WPA2 ,0.000000,0.000000,0.000,0.000,AP
2026-08-31 20:45:23,1900-01-00 00:00:00,◤rǝs_ʎɐʞ♡,A6:C0:2B:A6:3B:4E,-35, WPA2 ,0.000000,0.000000,0.000,0.000,AP
2026-08-31 20:45:24,1900-01-00 00:00:00,◤rǝs_ʎɐʞ♡,A6:C0:2B:A6:3B:4E,-43, WPA2 ,0.000000,0.000000,0.000,0.000,AP
2026-08-31 20:45:24,1900-01-00 00:00:00,◤rǝs_ʎɐʞ♡,A6:C0:2B:A6:3B:4E,-43, WPA2 ,0.000000,0.000000,0.000,0.000,AP
2026-08-31 20:45:24,1900-01-00 00:00:00,◤rǝs_ʎɐʞ♡,A6:C0:2B:A6:3B:4E,-43, WPA2 ,0.000000,0.000000,0.000,0.000,AP
2026-08-31 20:45:24,1900-01-00 00:00:00,◤rǝs_ʎɐʞ♡,A6:C0:2B:A6:3B:4E,-43, WPA2 ,0.000000,0.000000,0.000,0.000,AP
2026-08-31 20:45:24,1900-01-00 00:00:00,◤rǝs_ʎɐʞ♡,A6:C0:2B:A6:3B:4E,-43, WPA2 ,0.000000,0.000000,0.000,0.000,AP
2026-08-31 20:45:24,1900-01-00 00:00:00,◤rǝs_ʎɐʞ♡,A6:C0:2B:A6:3B:4E,-43, WPA2 ,0.000000,0.000000,0.000,0.000,AP
2026-08-31 20:45:24,1900-01-00 00:00:00,◤rǝs_ʎɐʞ♡,A6:C0:2B:A6:3B:4E,-43, WPA2 ,0.000000,0.000000,0.000,0.000,AP
2026-08-31 20:45:24,1900-01-00 00:00:00,◤rǝs_ʎɐʞ♡,A6:C0:2B:A6:3B:4E,-43, WPA2 ,0.000000,0.000000,0.000,0.000,AP
2026-08-31 20:45:24,1900-01-00 00:00:00,◤rǝs_ʎɐʞ♡,A6:C0:2B:A6:3B:4E,-43, WPA2 ,0.000000,0.000000,0.000,0.000,AP
2026-08-31 20:45:25,1900-01-00 00:00:00,◤rǝs_ʎɐʞ♡,A6:C0:2B:A6:3B:4E,-43, WPA2 ,0.000000,0.000000,0.000,0.000,AP
2026-08-31 20:45:25,1900-01-00 00:00:00,◤rǝs_ʎɐʞ♡,A6:C0:2B:A6:3B:4E,-43, WPA2 ,0.000000,0.000000,0.000,0.000,AP
2026-08-31 20:45:25,1900-01-00 00:00:00,◤rǝs_ʎɐʞ♡,A6:C0:2B:A6:3B:4E,-43, WPA2 ,0.000000,0.000000,0.000,0.000,AP
2026-08-31 20:45:25,1900-01-00 00:00:00,◤rǝs_ʎɐʞ♡,A6:C0:2B:A6:3B:4E,-43, WPA2 ,0.000000,0.000000,0.000,0.000,AP
2026-08-31 20:45:25,1900-01-00 00:00:00,◤rǝs_ʎɐʞ♡,A6:C0:2B:A6:3B:4E,-43, WPA2 ,0.000000,0.000000,0.000,0.000,AP
2026-08-31 20:45:25,1900-01-00 00:00:00,◤rǝs_ʎɐʞ♡,A6:C0:2B:A6:3B:4E,-43, WPA2 ,0.000000,0.000000,0.000,0.000,AP
2026-08-31 20:45:25,1900-01-00 00:00:00,◤rǝs_ʎɐʞ♡,A6:C0:2B:A6:3B:4E,-39, WPA2 ,0.000000,0.000000,0.000,0.000,AP
2026-08-31 20:45:25,1900-01-00 00:00:00,◤rǝs_ʎɐʞ♡,A6:C0:2B:A6:3B:4E,-43, WPA2 ,0.000000,0.000000,0.000,0.000,AP
2026-08-31 20:45:25,1900-01-00 00:00:00,◤rǝs_ʎɐʞ♡,A6:C0:2B:A6:3B:4E,-43, WPA2 ,0.000000,0.000000,0.000,0.000,AP
2026-08-31 20:45:26,1900-01-00 00:00:00,◤rǝs_ʎɐʞ♡,A6:C0:2B:A6:3B:4E,-43, WPA2 ,0.000000,0.000000,0.000,0.000,AP
2026-08-31 20:45:26,1900-01-00 00:00:00,◤rǝs_ʎɐʞ♡,A6:C0:2B:A6:3B:4E,-43, WPA2 ,0.000000,0.000000,0.000,0.000,AP
2026-08-31 20:45:26,1900-01-00 00:00:00,◤rǝs_ʎɐʞ♡,A6:C0:2B:A6:3B:4E,-43, WPA2 ,0.000000,0.000000,0.000,0.000,AP
2026-08-31 20:45:26,1900-01-00 00:00:00,◤rǝs_ʎɐʞ♡,A6:C0:2B:A6:3B:4E,-43, WPA2 ,0.000000,0.000000,0.000,0.000,AP
2026-08-31 20:45:26,1900-01-00 00:00:00,◤rǝs_ʎɐʞ♡,A6:C0:2B:A6:3B:4E,-43, WPA2 ,0.000000,0.000000,0.000,0.000,AP
2026-08-31 20:45:26,1900-01-00 00:00:00,◤rǝs_ʎɐʞ♡,A6:C0:2B:A6:3B:4E,-43, WPA2 ,0.000000,0.000000,0.000,0.000,AP
2026-08-31 20:45:26,1900-01-00 00:00:00,◤rǝs_ʎɐʞ♡,A6:C0:2B:A6:3B:4E,-43, WPA2 ,0.000000,0.000000,0.000,0.000,AP
2026-08-31 20:45:26,1900-01-00 00:00:00,◤rǝs_ʎɐʞ♡,A6:C0:2B:A6:3B:4E,-43, WPA2 ,0.000000,0.000000,0.000,0.000,AP
2026-08-31 20:45:26,1900-01-00 00:00:00,◤rǝs_ʎɐʞ♡,A6:C0:2B:A6:3B:4E,-43, WPA2 ,0.000000,0.000000,0.000,0.000,AP
2026-08-31 20:45:26,1900-01-00 00:00:00,◤rǝs_ʎɐʞ♡,A6:C0:2B:A6:3B:4E,-43, WPA2 ,0.000000,0.000000,0.000,0.000,AP
2026-08-31 20:45:27,1900-01-00 00:00:00,◤rǝs_ʎɐʞ♡,A6:C0:2B:A6:3B:4E,-43, WPA2 ,0.000000,0.000000,0.000,0.000,AP
2026-08-31 20:45:27,1900-01-00 00:00:00,◤rǝs_ʎɐʞ♡,A6:C0:2B:A6:3B:4E,-43, WPA2 ,0.000000,0.000000,0.000,0.000,AP
2026-08-31 20:45:27,1900-01-00 00:00:00,◤rǝs_ʎɐʞ♡,A6:C0:2B:A6:3B:4E,-43, WPA2 ,0.000000,0.000000,0.000,0.000,AP
2026-08-31 20:45:27,1900-01-00 00:00:00,◤rǝs_ʎɐʞ♡,A6:C0:2B:A6:3B:4E,-43, WPA2 ,0.000000,0.000000,0.000,0.000,AP
2026-08-31 20:45:27,1900-01-00 00:00:00,◤rǝs_ʎɐʞ♡,A6:C0:2B:A6:3B:4E,-43, WPA2 ,0.000000,0.000000,0.000,0.000,AP
2026-08-31 20:45:27,1900-01-00 00:00:00,◤rǝs_ʎɐʞ♡,A6:C0:2B:A6:3B:4E,-43, WPA2 ,0.000000,0.000000,0.000,0.000,AP
2026-08-31 20:45:27,1900-01-00 00:00:00,◤rǝs_ʎɐʞ♡,A6:C0:2B:A6:3B:4E,-43, WPA2 ,0.000000,0.000000,0.000,0.000,AP
2026-08-31 20:45:27,1900-01-00 00:00:00,◤rǝs_ʎɐʞ♡,A6:C0:2B:A6:3B:4E,-43, WPA2 ,0.000000,0.000000,0.000,0.000,AP
2026-08-31 20:45:27,1900-01-00 00:00:00,◤rǝs_ʎɐʞ♡,A6:C0:2B:A6:3B:4E,-43, WPA2 ,0.000000,0.000000,0.000,0.000,AP
2026-08-31 20:45:27,1900-01-00 00:00:00,◤rǝs_ʎɐʞ♡,A6:C0:2B:A6:3B:4E,-43, WPA2 ,0.000000,0.000000,0.000,0.000,AP
2026-08-31 20:45:28,1900-01-00 00:00:00,◤rǝs_ʎɐʞ♡,A6:C0:2B:A6:3B:4E,-43, WPA2 ,0.000000,0.000000,0.000,0.000,AP
2026-08-31 20:45:28,1900-01-00 00:00:00,◤rǝs_ʎɐʞ♡,A6:C0:2B:A6:3B:4E,-43, WPA2 ,0.000000,0.000000,0.000,0.000,AP
2026-08-31 20:45:28,1900-01-00 00:00:00,◤rǝs_ʎɐʞ♡,A6:C0:2B:A6:3B:4E,-43, WPA2 ,0.000000,0.000000,0.000,0.000,AP
2026-08-31 20:45:28,1900-01-00 00:00:00,◤rǝs_ʎɐʞ♡,A6:C0:2B:A6:3B:4E,-43, WPA2 ,0.000000,0.000000,0.000,0.000,AP
2026-08-31 20:45:28,1900-01-00 00:00:00,◤rǝs_ʎɐʞ♡,A6:C0:2B:A6:3B:4E,-43, WPA2 ,0.000000,0.000000,0.000,0.000,AP
2026-08-31 20:45:28,1900-01-00 00:00:00,◤rǝs_ʎɐʞ♡,A6:C0:2B:A6:3B:4E,-43, WPA2 ,0.000000,0.000000,0.000,0.000,AP
2026-08-31 20:45:28,1900-01-00 00:00:00,◤rǝs_ʎɐʞ♡,A6:C0:2B:A6:3B:4E,-43, WPA2 ,0.000000,0.000000,0.000,0.000,AP
2026-08-31 20:45:28,1900-01-00 00:00:00,◤rǝs_ʎɐʞ♡,A6:C0:2B:A6:3B:4E,-43, WPA2 ,0.000000,0.000000,0.000,0.000,AP
2026-08-31 20:45:29,1900-01-00 00:00:00,◤rǝs_ʎɐʞ♡,A6:C0:2B:A6:3B:4E,-43, WPA2 ,0.000000,0.000000,0.000,0.000,AP
2026-08-31 20:45:29,1900-01-00 00:00:00,,88:B1:11:6C:63:8A,-32,,0.000000,0.000000,0.000,0.000,Client
2026-08-31 20:45:29,1900-01-00 00:00:00,,88:B1:11:6C:63:8A,-31,,0.000000,0.000000,0.000,0.000,Client
2026-08-31 20:45:29,1900-01-00 00:00:00,◤rǝs_ʎɐʞ♡,A6:C0:2B:A6:3B:4E,-43, WPA2 ,0.000000,0.000000,0.000,0.000,AP
2026-08-31 20:45:29,1900-01-00 00:00:00,◤rǝs_ʎɐʞ♡,A6:C0:2B:A6:3B:4E,-43, WPA2 ,0.000000,0.000000,0.000,0.000,AP
2026-08-31 20:45:29,1900-01-00 00:00:00,◤rǝs_ʎɐʞ♡,A6:C0:2B:A6:3B:4E,-43, WPA2 ,0.000000,0.000000,0.000,0.000,AP
2026-08-31 20:45:29,1900-01-00 00:00:00,◤rǝs_ʎɐʞ♡,A6:C0:2B:A6:3B:4E,-43, WPA2 ,0.000000,0.000000,0.000,0.000,AP
2026-08-31 20:45:29,1900-01-00 00:00:00,◤rǝs_ʎɐʞ♡,A6:C0:2B:A6:3B:4E,-43, WPA2 ,0.000000,0.000000,0.000,0.000,AP
2026-08-31 20:45:29,1900-01-00 00:00:00,◤rǝs_ʎɐʞ♡,A6:C0:2B:A6:3B:4E,-43, WPA2 ,0.000000,0.000000,0.000,0.000,AP
2026-08-31 20:45:29,1900-01-00 00:00:00,◤rǝs_ʎɐʞ♡,A6:C0:2B:A6:3B:4E,-43, WPA2 ,0.000000,0.000000,0.000,0.000,AP
2026-08-31 20:45:29,1900-01-00 00:00:00,◤rǝs_ʎɐʞ♡,A6:C0:2B:A6:3B:4E,-43, WPA2 ,0.000000,0.000000,0.000,0.000,AP
2026-08-31 20:45:30,1900-01-00 00:00:00,◤rǝs_ʎɐʞ♡,A6:C0:2B:A6:3B:4E,-43, WPA2 ,0.000000,0.000000,0.000,0.000,AP
2026-08-31 20:45:30,1900-01-00 00:00:00,◤rǝs_ʎɐʞ♡,A6:C0:2B:A6:3B:4E,-43, WPA2 ,0.000000,0.000000,0.000,0.000,AP
2026-08-31 20:45:30,1900-01-00 00:00:00,◤rǝs_ʎɐʞ♡,A6:C0:2B:A6:3B:4E,-34, WPA2 ,0.000000,0.000000,0.000,0.000,AP
2026-08-31 20:45:30,1900-01-00 00:00:00,◤rǝs_ʎɐʞ♡,A6:C0:2B:A6:3B:4E,-43, WPA2 ,0.000000,0.000000,0.000,0.000,AP
2026-08-31 20:45:30,1900-01-00 00:00:00,◤rǝs_ʎɐʞ♡,A6:C0:2B:A6:3B:4E,-43, WPA2 ,0.000000,0.000000,0.000,0.000,AP
2026-08-31 20:45:30,1900-01-00 00:00:00,◤rǝs_ʎɐʞ♡,A6:C0:2B:A6:3B:4E,-43, WPA2 ,0.000000,0.000000,0.000,0.000,AP
2026-08-31 20:45:30,1900-01-00 00:00:00,◤rǝs_ʎɐʞ♡,A6:C0:2B:A6:3B:4E,-43, WPA2 ,0.000000,0.000000,0.000,0.000,AP
2026-08-31 20:45:30,1900-01-00 00:00:00,◤rǝs_ʎɐʞ♡,A6:C0:2B:A6:3B:4E,-43, WPA2 ,0.000000,0.000000,0.000,0.000,AP
2026-08-31 20:45:30,1900-01-00 00:00:00,◤rǝs_ʎɐʞ♡,A6:C0:2B:A6:3B:4E,-43, WPA2 ,0.000000,0.000000,0.000,0.000,AP
2026-08-31 20:45:30,1900-01-00 00:00:00,◤rǝs_ʎɐʞ♡,A6:C0:2B:A6:3B:4E,-35, WPA2 ,0.000000,0.000000,0.000,0.000,AP
2026-08-31 20:45:31,1900-01-00 00:00:00,◤rǝs_ʎɐʞ♡,A6:C0:2B:A6:3B:4E,-35, WPA2 ,0.000000,0.000000,0.000,0.000,AP
2026-08-31 20:45:31,1900-01-00 00:00:00,◤rǝs_ʎɐʞ♡,A6:C0:2B:A6:3B:4E,-43, WPA2 ,0.000000,0.000000,0.000,0.000,AP
2026-08-31 20:45:31,1900-01-00 00:00:00,◤rǝs_ʎɐʞ♡,A6:C0:2B:A6:3B:4E,-43, WPA2 ,0.000000,0.000000,0.000,0.000,AP
2026-08-31 20:45:31,1900-01-00 00:00:00,◤rǝs_ʎɐʞ♡,A6:C0:2B:A6:3B:4E,-43, WPA2 ,0.000000,0.000000,0.000,0.000,AP
2026-08-31 20:45:31,1900-01-00 00:00:00,◤rǝs_ʎɐʞ♡,A6:C0:2B:A6:3B:4E,-43, WPA2 ,0.000000,0.000000,0.000,0.000,AP
2026-08-31 20:45:31,1900-01-00 00:00:00,◤rǝs_ʎɐʞ♡,A6:C0:2B:A6:3B:4E,-43, WPA2 ,0.000000,0.000000,0.000,0.000,AP
2026-08-31 20:45:31,1900-01-00 00:00:00,◤rǝs_ʎɐʞ♡,A6:C0:2B:A6:3B:4E,-43, WPA2 ,0.000000,0.000000,0.000,0.000,AP
2026-08-31 20:45:31,1900-01-00 00:00:00,◤rǝs_ʎɐʞ♡,A6:C0:2B:A6:3B:4E,-47, WPA2 ,0.000000,0.000000,0.000,0.000,AP
2026-08-31 20:45:31,1900-01-00 00:00:00,◤rǝs_ʎɐʞ♡,A6:C0:2B:A6:3B:4E,-43, WPA2 ,0.000000,0.000000,0.000,0.000,AP
2026-08-31 20:45:32,1900-01-00 00:00:00,◤rǝs_ʎɐʞ♡,A6:C0:2B:A6:3B:4E,-43, WPA2 ,0.000000,0.000000,0.000,0.000,AP
2026-08-31 20:45:32,1900-01-00 00:00:00,◤rǝs_ʎɐʞ♡,A6:C0:2B:A6:3B:4E,-43, WPA2 ,0.000000,0.000000,0.000,0.000,AP
2026-08-31 20:45:32,1900-01-00 00:00:00,◤rǝs_ʎɐʞ♡,A6:C0:2B:A6:3B:4E,-35, WPA2 ,0.000000,0.000000,0.000,0.000,AP
2026-08-31 20:45:32,1900-01-00 00:00:00,◤rǝs_ʎɐʞ♡,A6:C0:2B:A6:3B:4E,-43, WPA2 ,0.000000,0.000000,0.000,0.000,AP
2026-08-31 20:45:32,1900-01-00 00:00:00,◤rǝs_ʎɐʞ♡,A6:C0:2B:A6:3B:4E,-43, WPA2 ,0.000000,0.000000,0.000,0.000,AP
2026-08-31 20:45:32,1900-01-00 00:00:00,◤rǝs_ʎɐʞ♡,A6:C0:2B:A6:3B:4E,-43, WPA2 ,0.000000,0.000000,0.000,0.000,AP
2026-08-31 20:45:32,1900-01-00 00:00:00,◤rǝs_ʎɐʞ♡,A6:C0:2B:A6:3B:4E,-43, WPA2 ,0.000000,0.000000,0.000,0.000,AP
2026-08-31 20:45:32,1900-01-00 00:00:00,◤rǝs_ʎɐʞ♡,A6:C0:2B:A6:3B:4E,-43, WPA2 ,0.000000,0.000000,0.000,0.000,AP
2026-08-31 20:45:32,1900-01-00 00:00:00,◤rǝs_ʎɐʞ♡,A6:C0:2B:A6:3B:4E,-43, WPA2 ,0.000000,0.000000,0.000,0.000,AP
2026-08-31 20:45:33,1900-01-00 00:00:00,◤rǝs_ʎɐʞ♡,A6:C0:2B:A6:3B:4E,-43, WPA2 ,0.000000,0.000000,0.000,0.000,AP
2026-08-31 20:45:33,1900-01-00 00:00:00,◤rǝs_ʎɐʞ♡,A6:C0:2B:A6:3B:4E,-43, WPA2 ,0.000000,0.000000,0.000,0.000,AP
2026-08-31 20:45:33,1900-01-00 00:00:00,◤rǝs_ʎɐʞ♡,A6:C0:2B:A6:3B:4E,-43, WPA2 ,0.000000,0.000000,0.000,0.000,AP
2026-08-31 20:45:33,1900-01-00 00:00:00,◤rǝs_ʎɐʞ♡,A6:C0:2B:A6:3B:4E,-43, WPA2 ,0.000000,0.000000,0.000,0.000,AP
2026-08-31 20:45:33,1900-01-00 00:00:00,◤rǝs_ʎɐʞ♡,A6:C0:2B:A6:3B:4E,-35, WPA2 ,0.000000,0.000000,0.000,0.000,AP
2026-08-31 20:45:33,1900-01-00 00:00:00,◤rǝs_ʎɐʞ♡,A6:C0:2B:A6:3B:4E,-43, WPA2 ,0.000000,0.000000,0.000,0.000,AP
2026-08-31 20:45:33,1900-01-00 00:00:00,◤rǝs_ʎɐʞ♡,A6:C0:2B:A6:3B:4E,-39, WPA2 ,0.000000,0.000000,0.000,0.000,AP
2026-08-31 20:45:34,1900-01-00 00:00:00,◤rǝs_ʎɐʞ♡,A6:C0:2B:A6:3B:4E,-43, WPA2 ,0.000000,0.000000,0.000,0.000,AP
2026-08-31 20:45:34,1900-01-00 00:00:00,◤rǝs_ʎɐʞ♡,A6:C0:2B:A6:3B:4E,-43, WPA2 ,0.000000,0.000000,0.000,0.000,AP
2026-08-31 20:45:34,1900-01-00 00:00:00,◤rǝs_ʎɐʞ♡,A6:C0:2B:A6:3B:4E,-43, WPA2 ,0.000000,0.000000,0.000,0.000,AP
2026-08-31 20:45:34,1900-01-00 00:00:00,◤rǝs_ʎɐʞ♡,A6:C0:2B:A6:3B:4E,-43, WPA2 ,0.000000,0.000000,0.000,0.000,AP
2026-08-31 20:45:34,1900-01-00 00:00:00,◤rǝs_ʎɐʞ♡,A6:C0:2B:A6:3B:4E,-43, WPA2 ,0.000000,0.000000,0.000,0.000,AP
2026-08-31 20:45:34,1900-01-00 00:00:00,◤rǝs_ʎɐʞ♡,A6:C0:2B:A6:3B:4E,-43, WPA2 ,0.000000,0.000000,0.000,0.000,AP
2026-08-31 20:45:34,1900-01-00 00:00:00,◤rǝs_ʎɐʞ♡,A6:C0:2B:A6:3B:4E,-43, WPA2 ,0.000000,0.000000,0.000,0.000,AP
2026-08-31 20:45:34,1900-01-00 00:00:00,◤rǝs_ʎɐʞ♡,A6:C0:2B:A6:3B:4E,-43, WPA2 ,0.000000,0.000000,0.000,0.000,AP
2026-08-31 20:45:34,1900-01-00 00:00:00,◤rǝs_ʎɐʞ♡,A6:C0:2B:A6:3B:4E,-43, WPA2 ,0.000000,0.000000,0.000,0.000,AP
2026-08-31 20:45:34,1900-01-00 00:00:00,◤rǝs_ʎɐʞ♡,A6:C0:2B:A6:3B:4E,-39, WPA2 ,0.000000,0.000000,0.000,0.000,AP
2026-08-31 20:45:34,1900-01-00 00:00:00,◤rǝs_ʎɐʞ♡,A6:C0:2B:A6:3B:4E,-47, WPA2 ,0.000000,0.000000,0.000,0.000,AP
2026-08-31 20:45:34,1900-01-00 00:00:00,◤rǝs_ʎɐʞ♡,A6:C0:2B:A6:3B:4E,-43, WPA2 ,0.000000,0.000000,0.000,0.000,AP
2026-08-31 20:45:35,1900-01-00 00:00:00,◤rǝs_ʎɐʞ♡,A6:C0:2B:A6:3B:4E,-43, WPA2 ,0.000000,0.000000,0.000,0.000,AP
2026-08-31 20:45:35,1900-01-00 00:00:00,◤rǝs_ʎɐʞ♡,A6:C0:2B:A6:3B:4E,-43, WPA2 ,0.000000,0.000000,0.000,0.000,AP
2026-08-31 20:45:35,1900-01-00 00:00:00,◤rǝs_ʎɐʞ♡,A6:C0:2B:A6:3B:4E,-67, WPA2 ,0.000000,0.000000,0.000,0.000,AP
2026-08-31 20:45:35,1900-01-00 00:00:00,◤rǝs_ʎɐʞ♡,A6:C0:2B:A6:3B:4E,-35, WPA2 ,0.000000,0.000000,0.000,0.000,AP
2026-08-31 20:45:35,1900-01-00 00:00:00,◤rǝs_ʎɐʞ♡,A6:C0:2B:A6:3B:4E,-43, WPA2 ,0.000000,0.000000,0.000,0.000,AP
2026-08-31 20:45:35,1900-01-00 00:00:00,◤rǝs_ʎɐʞ♡,A6:C0:2B:A6:3B:4E,-35, WPA2 ,0.000000,0.000000,0.000,0.000,AP
2026-08-31 20:45:35,1900-01-00 00:00:00,◤rǝs_ʎɐʞ♡,A6:C0:2B:A6:3B:4E,-43, WPA2 ,0.000000,0.000000,0.000,0.000,AP
2026-08-31 20:45:35,1900-01-00 00:00:00,◤rǝs_ʎɐʞ♡,A6:C0:2B:A6:3B:4E,-43, WPA2 ,0.000000,0.000000,0.000,0.000,AP
2026-08-31 20:45:35,1900-01-00 00:00:00,◤rǝs_ʎɐʞ♡,A6:C0:2B:A6:3B:4E,-43, WPA2 ,0.000000,0.000000,0.000,0.000,AP
2026-08-31 20:45:35,1900-01-00 00:00:00,◤rǝs_ʎɐʞ♡,A6:C0:2B:A6:3B:4E,-43, WPA2 ,0.000000,0.000000,0.000,0.000,AP
2026-08-31 20:45:36,1900-01-00 00:00:00,◤rǝs_ʎɐʞ♡,A6:C0:2B:A6:3B:4E,-43, WPA2 ,0.000000,0.000000,0.000,0.000,AP
2026-08-31 20:45:36,1900-01-00 00:00:00,◤rǝs_ʎɐʞ♡,A6:C0:2B:A6:3B:4E,-43, WPA2 ,0.000000,0.000000,0.000,0.000,AP
2026-08-31 20:45:36,1900-01-00 00:00:00,◤rǝs_ʎɐʞ♡,A6:C0:2B:A6:3B:4E,-43, WPA2 ,0.000000,0.000000,0.000,0.000,AP
2026-08-31 20:45:36,1900-01-00 00:00:00,◤rǝs_ʎɐʞ♡,A6:C0:2B:A6:3B:4E,-43, WPA2 ,0.000000,0.000000,0.000,0.000,AP
2026-08-31 20:45:36,1900-01-00 00:00:00,◤rǝs_ʎɐʞ♡,A6:C0:2B:A6:3B:4E,-43, WPA2 ,0.000000,0.000000,0.000,0.000,AP
2026-08-31 20:45:36,1900-01-00 00:00:00,◤rǝs_ʎɐʞ♡,A6:C0:2B:A6:3B:4E,-43, WPA2 ,0.000000,0.000000,0.000,0.000,AP
2026-08-31 20:45:36,1900-01-00 00:00:00,◤rǝs_ʎɐʞ♡,A6:C0:2B:A6:3B:4E,-47, WPA2 ,0.000000,0.000000,0.000,0.000,AP
2026-08-31 20:45:36,1900-01-00 00:00:00,◤rǝs_ʎɐʞ♡,A6:C0:2B:A6:3B:4E,-47, WPA2 ,0.000000,0.000000,0.000,0.000,AP
2026-08-31 20:45:36,1900-01-00 00:00:00,◤rǝs_ʎɐʞ♡,A6:C0:2B:A6:3B:4E,-43, WPA2 ,0.000000,0.000000,0.000,0.000,AP
2026-08-31 20:45:36,1900-01-00 00:00:00,◤rǝs_ʎɐʞ♡,A6:C0:2B:A6:3B:4E,-43, WPA2 ,0.000000,0.000000,0.000,0.000,AP
2026-08-31 20:45:36,1900-01-00 00:00:00,◤rǝs_ʎɐʞ♡,A6:C0:2B:A6:3B:4E,-43, WPA2 ,0.000000,0.000000,0.000,0.000,AP
2026-08-31 20:45:36,1900-01-00 00:00:00,◤rǝs_ʎɐʞ♡,A6:C0:2B:A6:3B:4E,-43, WPA2 ,0.000000,0.000000,0.000,0.000,AP
2026-08-31 20:45:37,1900-01-00 00:00:00,◤rǝs_ʎɐʞ♡,A6:C0:2B:A6:3B:4E,-47, WPA2 ,0.000000,0.000000,0.000,0.000,AP
2026-08-31 20:45:37,1900-01-00 00:00:00,◤rǝs_ʎɐʞ♡,A6:C0:2B:A6:3B:4E,-47, WPA2 ,0.000000,0.000000,0.000,0.000,AP
2026-08-31 20:45:37,1900-01-00 00:00:00,◤rǝs_ʎɐʞ♡,A6:C0:2B:A6:3B:4E,-47, WPA2 ,0.000000,0.000000,0.000,0.000,AP
2026-08-31 20:45:37,1900-01-00 00:00:00,◤rǝs_ʎɐʞ♡,A6:C0:2B:A6:3B:4E,-47, WPA2 ,0.000000,0.000000,0.000,0.000,AP
2026-08-31 20:45:37,1900-01-00 00:00:00,◤rǝs_ʎɐʞ♡,A6:C0:2B:A6:3B:4E,-47, WPA2 ,0.000000,0.000000,0.000,0.000,AP
2026-08-31 20:45:37,1900-01-00 00:00:00,◤rǝs_ʎɐʞ♡,A6:C0:2B:A6:3B:4E,-43, WPA2 ,0.000000,0.000000,0.000,0.000,AP
2026-08-31 20:45:37,1900-01-00 00:00:00,◤rǝs_ʎɐʞ♡,A6:C0:2B:A6:3B:4E,-43, WPA2 ,0.000000,0.000000,0.000,0.000,AP
2026-08-31 20:45:37,1900-01-00 00:00:00,◤rǝs_ʎɐʞ♡,A6:C0:2B:A6:3B:4E,-43, WPA2 ,0.000000,0.000000,0.000,0.000,AP
2026-08-31 20:45:37,1900-01-00 00:00:00,◤rǝs_ʎɐʞ♡,A6:C0:2B:A6:3B:4E,-43, WPA2 ,0.000000,0.000000,0.000,0.000,AP
2026-08-31 20:45:37,1900-01-00 00:00:00,◤rǝs_ʎɐʞ♡,A6:C0:2B:A6:3B:4E,-34, WPA2 ,0.000000,0.000000,0.000,0.000,AP
2026-08-31 20:45:37,1900-01-00 00:00:00,◤rǝs_ʎɐʞ♡,A6:C0:2B:A6:3B:4E,-43, WPA2 ,0.000000,0.000000,0.000,0.000,AP
2026-08-31 20:45:37,1900-01-00 00:00:00,◤rǝs_ʎɐʞ♡,A6:C0:2B:A6:3B:4E,-43, WPA2 ,0.000000,0.000000,0.000,0.000,AP
2026-08-31 20:45:37,1900-01-00 00:00:00,◤rǝs_ʎɐʞ♡,A6:C0:2B:A6:3B:4E,-35, WPA2 ,0.000000,0.000000,0.000,0.000,AP
2026-08-31 20:45:37,1900-01-00 00:00:00,◤rǝs_ʎɐʞ♡,A6:C0:2B:A6:3B:4E,-43, WPA2 ,0.000000,0.000000,0.000,0.000,AP
2026-08-31 20:45:37,1900-01-00 00:00:00,◤rǝs_ʎɐʞ♡,A6:C0:2B:A6:3B:4E,-43, WPA2 ,0.000000,0.000000,0.000,0.000,AP
2026-08-31 20:45:37,1900-01-00 00:00:00,◤rǝs_ʎɐʞ♡,A6:C0:2B:A6:3B:4E,-43, WPA2 ,0.000000,0.000000,0.000,0.000,AP
2026-08-31 20:45:38,1900-01-00 00:00:00,◤rǝs_ʎɐʞ♡,A6:C0:2B:A6:3B:4E,-35, WPA2 ,0.000000,0.000000,0.000,0.000,AP
2026-08-31 20:45:38,1900-01-00 00:00:00,◤rǝs_ʎɐʞ♡,A6:C0:2B:A6:3B:4E,-43, WPA2 ,0.000000,0.000000,0.000,0.000,AP
2026-08-31 20:45:38,1900-01-00 00:00:00,◤rǝs_ʎɐʞ♡,A6:C0:2B:A6:3B:4E,-43, WPA2 ,0.000000,0.000000,0.000,0.000,AP
2026-08-31 20:45:38,1900-01-00 00:00:00,◤rǝs_ʎɐʞ♡,A6:C0:2B:A6:3B:4E,-43, WPA2 ,0.000000,0.000000,0.000,0.000,AP
2026-08-31 20:45:38,1900-01-00 00:00:00,◤rǝs_ʎɐʞ♡,A6:C0:2B:A6:3B:4E,-43, WPA2 ,0.000000,0.000000,0.000,0.000,AP
2026-08-31 20:45:38,1900-01-00 00:00:00,◤rǝs_ʎɐʞ♡,A6:C0:2B:A6:3B:4E,-43, WPA2 ,0.000000,0.000000,0.000,0.000,AP
2026-08-31 20:45:38,1900-01-00 00:00:00,◤rǝs_ʎɐʞ♡,A6:C0:2B:A6:3B:4E,-43, WPA2 ,0.000000,0.000000,0.000,0.000,AP
2026-08-31 20:45:38,1900-01-00 00:00:00,◤rǝs_ʎɐʞ♡,A6:C0:2B:A6:3B:4E,-43, WPA2 ,0.000000,0.000000,0.000,0.000,AP
2026-08-31 20:45:39,1900-01-00 00:00:00,◤rǝs_ʎɐʞ♡,A6:C0:2B:A6:3B:4E,-43, WPA2 ,0.000000,0.000000,0.000,0.000,AP
2026-08-31 20:45:39,1900-01-00 00:00:00,◤rǝs_ʎɐʞ♡,A6:C0:2B:A6:3B:4E,-43, WPA2 ,0.000000,0.000000,0.000,0.000,AP
2026-08-31 20:45:39,1900-01-00 00:00:00,◤rǝs_ʎɐʞ♡,A6:C0:2B:A6:3B:4E,-43, WPA2 ,0.000000,0.000000,0.000,0.000,AP
2026-08-31 20:45:39,1900-01-00 00:00:00,◤rǝs_ʎɐʞ♡,A6:C0:2B:A6:3B:4E,-43, WPA2 ,0.000000,0.000000,0.000,0.000,AP
2026-08-31 20:45:39,1900-01-00 00:00:00,◤rǝs_ʎɐʞ♡,A6:C0:2B:A6:3B:4E,-43, WPA2 ,0.000000,0.000000,0.000,0.000,AP
2026-08-31 20:45:39,1900-01-00 00:00:00,◤rǝs_ʎɐʞ♡,A6:C0:2B:A6:3B:4E,-43, WPA2 ,0.000000,0.000000,0.000,0.000,AP
2026-08-31 20:45:39,1900-01-00 00:00:00,◤rǝs_ʎɐʞ♡,A6:C0:2B:A6:3B:4E,-43, WPA2 ,0.000000,0.000000,0.000,0.000,AP
2026-08-31 20:45:39,1900-01-00 00:00:00,◤rǝs_ʎɐʞ♡,A6:C0:2B:A6:3B:4E,-43, WPA2 ,0.000000,0.000000,0.000,0.000,AP
2026-08-31 20:45:39,1900-01-00 00:00:00,◤rǝs_ʎɐʞ♡,A6:C0:2B:A6:3B:4E,-43, WPA2 ,0.000000,0.000000,0.000,0.000,AP
2026-08-31 20:45:39,1900-01-00 00:00:00,◤rǝs_ʎɐʞ♡,A6:C0:2B:A6:3B:4E,-43, WPA2 ,0.000000,0.000000,0.000,0.000,AP
2026-08-31 20:45:40,1900-01-00 00:00:00,◤rǝs_ʎɐʞ♡,A6:C0:2B:A6:3B:4E,-35, WPA2 ,0.000000,0.000000,0.000,0.000,AP
2026-08-31 20:45:40,1900-01-00 00:00:00,◤rǝs_ʎɐʞ♡,A6:C0:2B:A6:3B:4E,-43, WPA2 ,0.000000,0.000000,0.000,0.000,AP
2026-08-31 20:45:40,1900-01-00 00:00:00,◤rǝs_ʎɐʞ♡,A6:C0:2B:A6:3B:4E,-43, WPA2 ,0.000000,0.000000,0.000,0.000,AP
2026-08-31 20:45:40,1900-01-00 00:00:00,◤rǝs_ʎɐʞ♡,A6:C0:2B:A6:3B:4E,-43, WPA2 ,0.000000,0.000000,0.000,0.000,AP
2026-08-31 20:45:40,1900-01-00 00:00:00,◤rǝs_ʎɐʞ♡,A6:C0:2B:A6:3B:4E,-43, WPA2 ,0.000000,0.000000,0.000,0.000,AP
2026-08-31 20:45:40,1900-01-00 00:00:00,◤rǝs_ʎɐʞ♡,A6:C0:2B:A6:3B:4E,-43, WPA2 ,0.000000,0.000000,0.000,0.000,AP
2026-08-31 20:45:40,1900-01-00 00:00:00,◤rǝs_ʎɐʞ♡,A6:C0:2B:A6:3B:4E,-35, WPA2 ,0.000000,0.000000,0.000,0.000,AP
2026-08-31 20:45:40,1900-01-00 00:00:00,◤rǝs_ʎɐʞ♡,A6:C0:2B:A6:3B:4E,-43, WPA2 ,0.000000,0.000000,0.000,0.000,AP
2026-08-31 20:45:40,1900-01-00 00:00:00,◤rǝs_ʎɐʞ♡,A6:C0:2B:A6:3B:4E,-43, WPA2 ,0.000000,0.000000,0.000,0.000,AP
2026-08-31 20:45:40,1900-01-00 00:00:00,◤rǝs_ʎɐʞ♡,A6:C0:2B:A6:3B:4E,-43, WPA2 ,0.000000,0.000000,0.000,0.000,AP
2026-08-31 20:45:41,1900-01-00 00:00:00,◤rǝs_ʎɐʞ♡,A6:C0:2B:A6:3B:4E,-43, WPA2 ,0.000000,0.000000,0.000,0.000,AP
2026-08-31 20:45:41,1900-01-00 00:00:00,◤rǝs_ʎɐʞ♡,A6:C0:2B:A6:3B:4E,-43, WPA2 ,0.000000,0.000000,0.000,0.000,AP
2026-08-31 20:45:41,1900-01-00 00:00:00,◤rǝs_ʎɐʞ♡,A6:C0:2B:A6:3B:4E,-43, WPA2 ,0.000000,0.000000,0.000,0.000,AP
2026-08-31 20:45:41,1900-01-00 00:00:00,◤rǝs_ʎɐʞ♡,A6:C0:2B:A6:3B:4E,-43, WPA2 ,0.000000,0.000000,0.000,0.000,AP
2026-08-31 20:45:41,1900-01-00 00:00:00,◤rǝs_ʎɐʞ♡,A6:C0:2B:A6:3B:4E,-43, WPA2 ,0.000000,0.000000,0.000,0.000,AP
2026-08-31 20:45:41,1900-01-00 00:00:00,◤rǝs_ʎɐʞ♡,A6:C0:2B:A6:3B:4E,-43, WPA2 ,0.000000,0.000000,0.000,0.000,AP
2026-08-31 20:45:41,1900-01-00 00:00:00,◤rǝs_ʎɐʞ♡,A6:C0:2B:A6:3B:4E,-43, WPA2 ,0.000000,0.000000,0.000,0.000,AP
2026-08-31 20:45:42,1900-01-00 00:00:00,◤rǝs_ʎɐʞ♡,A6:C0:2B:A6:3B:4E,-43, WPA2 ,0.000000,0.000000,0.000,0.000,AP
2026-08-31 20:45:42,1900-01-00 00:00:00,◤rǝs_ʎɐʞ♡,A6:C0:2B:A6:3B:4E,-43, WPA2 ,0.000000,0.000000,0.000,0.000,AP
2026-08-31 20:45:42,1900-01-00 00:00:00,◤rǝs_ʎɐʞ♡,A6:C0:2B:A6:3B:4E,-43, WPA2 ,0.000000,0.000000,0.000,0.000,AP
2026-08-31 20:45:42,1900-01-00 00:00:00,◤rǝs_ʎɐʞ♡,A6:C0:2B:A6:3B:4E,-43, WPA2 ,0.000000,0.000000,0.000,0.000,AP
2026-08-31 20:45:42,1900-01-00 00:00:00,◤rǝs_ʎɐʞ♡,A6:C0:2B:A6:3B:4E,-43, WPA2 ,0.000000,0.000000,0.000,0.000,AP
2026-08-31 20:45:42,1900-01-00 00:00:00,◤rǝs_ʎɐʞ♡,A6:C0:2B:A6:3B:4E,-43, WPA2 ,0.000000,0.000000,0.000,0.000,AP
2026-08-31 20:45:42,1900-01-00 00:00:00,◤rǝs_ʎɐʞ♡,A6:C0:2B:A6:3B:4E,-43, WPA2 ,0.000000,0.000000,0.000,0.000,AP
2026-08-31 20:45:42,1900-01-00 00:00:00,◤rǝs_ʎɐʞ♡,A6:C0:2B:A6:3B:4E,-43, WPA2 ,0.000000,0.000000,0.000,0.000,AP
2026-08-31 20:45:43,1900-01-00 00:00:00,◤rǝs_ʎɐʞ♡,A6:C0:2B:A6:3B:4E,-43, WPA2 ,0.000000,0.000000,0.000,0.000,AP
2026-08-31 20:45:43,1900-01-00 00:00:00,◤rǝs_ʎɐʞ♡,A6:C0:2B:A6:3B:4E,-43, WPA2 ,0.000000,0.000000,0.000,0.000,AP
2026-08-31 20:45:43,1900-01-00 00:00:00,◤rǝs_ʎɐʞ♡,A6:C0:2B:A6:3B:4E,-43, WPA2 ,0.000000,0.000000,0.000,0.000,AP
2026-08-31 20:45:43,1900-01-00 00:00:00,◤rǝs_ʎɐʞ♡,A6:C0:2B:A6:3B:4E,-47, WPA2 ,0.000000,0.000000,0.000,0.000,AP
2026-08-31 20:45:43,1900-01-00 00:00:00,◤rǝs_ʎɐʞ♡,A6:C0:2B:A6:3B:4E,-43, WPA2 ,0.000000,0.000000,0.000,0.000,AP
2026-08-31 20:45:43,1900-01-00 00:00:00,◤rǝs_ʎɐʞ♡,A6:C0:2B:A6:3B:4E,-43, WPA2 ,0.000000,0.000000,0.000,0.000,AP
2026-08-31 20:45:43,1900-01-00 00:00:00,◤rǝs_ʎɐʞ♡,A6:C0:2B:A6:3B:4E,-47, WPA2 ,0.000000,0.000000,0.000,0.000,AP
2026-08-31 20:45:43,1900-01-00 00:00:00,◤rǝs_ʎɐʞ♡,A6:C0:2B:A6:3B:4E,-43, WPA2 ,0.000000,0.000000,0.000,0.000,AP
2026-08-31 20:45:43,1900-01-00 00:00:00,◤rǝs_ʎɐʞ♡,A6:C0:2B:A6:3B:4E,-47, WPA2 ,0.000000,0.000000,0.000,0.000,AP
2026-08-31 20:45:43,1900-01-00 00:00:00,◤rǝs_ʎɐʞ♡,A6:C0:2B:A6:3B:4E,-43, WPA2 ,0.000000,0.000000,0.000,0.000,AP
2026-08-31 20:45:44,1900-01-00 00:00:00,◤rǝs_ʎɐʞ♡,A6:C0:2B:A6:3B:4E,-43, WPA2 ,0.000000,0.000000,0.000,0.000,AP
2026-08-31 20:45:44,1900-01-00 00:00:00,◤rǝs_ʎɐʞ♡,A6:C0:2B:A6:3B:4E,-43, WPA2 ,0.000000,0.000000,0.000,0.000,AP
2026-08-31 20:45:44,1900-01-00 00:00:00,◤rǝs_ʎɐʞ♡,A6:C0:2B:A6:3B:4E,-47, WPA2 ,0.000000,0.000000,0.000,0.000,AP
2026-08-31 20:45:44,1900-01-00 00:00:00,◤rǝs_ʎɐʞ♡,A6:C0:2B:A6:3B:4E,-47, WPA2 ,0.000000,0.000000,0.000,0.000,AP
2026-08-31 20:45:44,1900-01-00 00:00:00,◤rǝs_ʎɐʞ♡,A6:C0:2B:A6:3B:4E,-43, WPA2 ,0.000000,0.000000,0.000,0.000,AP
2026-08-31 20:45:44,1900-01-00 00:00:00,◤rǝs_ʎɐʞ♡,A6:C0:2B:A6:3B:4E,-47, WPA2 ,0.000000,0.000000,0.000,0.000,AP
2026-08-31 20:45:44,1900-01-00 00:00:00,◤rǝs_ʎɐʞ♡,A6:C0:2B:A6:3B:4E,-47, WPA2 ,0.000000,0.000000,0.000,0.000,AP
2026-08-31 20:45:44,1900-01-00 00:00:00,◤rǝs_ʎɐʞ♡,A6:C0:2B:A6:3B:4E,-47, WPA2 ,0.000000,0.000000,0.000,0.000,AP
2026-08-31 20:45:44,1900-01-00 00:00:00,◤rǝs_ʎɐʞ♡,A6:C0:2B:A6:3B:4E,-47, WPA2 ,0.000000,0.000000,0.000,0.000,AP
2026-08-31 20:45:44,1900-01-00 00:00:00,◤rǝs_ʎɐʞ♡,A6:C0:2B:A6:3B:4E,-34, WPA2 ,0.000000,0.000000,0.000,0.000,AP
2026-08-31 20:45:44,1900-01-00 00:00:00,◤rǝs_ʎɐʞ♡,A6:C0:2B:A6:3B:4E,-43, WPA2 ,0.000000,0.000000,0.000,0.000,AP
2026-08-31 20:45:44,1900-01-00 00:00:00,◤rǝs_ʎɐʞ♡,A6:C0:2B:A6:3B:4E,-43, WPA2 ,0.000000,0.000000,0.000,0.000,AP
2026-08-31 20:45:44,1900-01-00 00:00:00,◤rǝs_ʎɐʞ♡,A6:C0:2B:A6:3B:4E,-34, WPA2 ,0.000000,0.000000,0.000,0.000,AP
2026-08-31 20:45:44,1900-01-00 00:00:00,◤rǝs_ʎɐʞ♡,A6:C0:2B:A6:3B:4E,-47, WPA2 ,0.000000,0.000000,0.000,0.000,AP
2026-08-31 20:45:44,1900-01-00 00:00:00,◤rǝs_ʎɐʞ♡,A6:C0:2B:A6:3B:4E,-47, WPA2 ,0.000000,0.000000,0.000,0.000,AP
2026-08-31 20:45:44,1900-01-00 00:00:00,◤rǝs_ʎɐʞ♡,A6:C0:2B:A6:3B:4E,-43, WPA2 ,0.000000,0.000000,0.000,0.000,AP
2026-08-31 20:45:44,1900-01-00 00:00:00,◤rǝs_ʎɐʞ♡,A6:C0:2B:A6:3B:4E,-39, WPA2 ,0.000000,0.000000,0.000,0.000,AP
2026-08-31 20:45:44,1900-01-00 00:00:00,◤rǝs_ʎɐʞ♡,A6:C0:2B:A6:3B:4E,-43, WPA2 ,0.000000,0.000000,0.000,0.000,AP
2026-08-31 20:45:44,1900-01-00 00:00:00,◤rǝs_ʎɐʞ♡,A6:C0:2B:A6:3B:4E,-43, WPA2 ,0.000000,0.000000,0.000,0.000,AP
2026-08-31 20:45:44,1900-01-00 00:00:00,◤rǝs_ʎɐʞ♡,A6:C0:2B:A6:3B:4E,-43, WPA2 ,0.000000,0.000000,0.000,0.000,AP
2026-08-31 20:45:44,1900-01-00 00:00:00,◤rǝs_ʎɐʞ♡,A6:C0:2B:A6:3B:4E,-43, WPA2 ,0.000000,0.000000,0.000,0.000,AP
2026-08-31 20:45:44,1900-01-00 00:00:00,◤rǝs_ʎɐʞ♡,A6:C0:2B:A6:3B:4E,-43, WPA2 ,0.000000,0.000000,0.000,0.000,AP
2026-08-31 20:45:44,1900-01-00 00:00:00,◤rǝs_ʎɐʞ♡,A6:C0:2B:A6:3B:4E,-43, WPA2 ,0.000000,0.000000,0.000,0.000,AP
2026-08-31 20:45:45,1900-01-00 00:00:00,◤rǝs_ʎɐʞ♡,A6:C0:2B:A6:3B:4E,-43, WPA2 ,0.000000,0.000000,0.000,0.000,AP
2026-08-31 20:45:45,1900-01-00 00:00:00,◤rǝs_ʎɐʞ♡,A6:C0:2B:A6:3B:4E,-43, WPA2 ,0.000000,0.000000,0.000,0.000,AP
2026-08-31 20:45:45,1900-01-00 00:00:00,◤rǝs_ʎɐʞ♡,A6:C0:2B:A6:3B:4E,-43, WPA2 ,0.000000,0.000000,0.000,0.000,AP
2026-08-31 20:45:45,1900-01-00 00:00:00,◤rǝs_ʎɐʞ♡,A6:C0:2B:A6:3B:4E,-39, WPA2 ,0.000000,0.000000,0.000,0.000,AP
2026-08-31 20:45:45,1900-01-00 00:00:00,◤rǝs_ʎɐʞ♡,A6:C0:2B:A6:3B:4E,-43, WPA2 ,0.000000,0.000000,0.000,0.000,AP
2026-08-31 20:45:45,1900-01-00 00:00:00,◤rǝs_ʎɐʞ♡,A6:C0:2B:A6:3B:4E,-43, WPA2 ,0.000000,0.000000,0.000,0.000,AP
2026-08-31 20:45:45,1900-01-00 00:00:00,◤rǝs_ʎɐʞ♡,A6:C0:2B:A6:3B:4E,-43, WPA2 ,0.000000,0.000000,0.000,0.000,AP
2026-08-31 20:45:45,1900-01-00 00:00:00,◤rǝs_ʎɐʞ♡,A6:C0:2B:A6:3B:4E,-43, WPA2 ,0.000000,0.000000,0.000,0.000,AP
2026-08-31 20:45:45,1900-01-00 00:00:00,◤rǝs_ʎɐʞ♡,A6:C0:2B:A6:3B:4E,-39, WPA2 ,0.000000,0.000000,0.000,0.000,AP
2026-08-31 20:45:46,1900-01-00 00:00:00,◤rǝs_ʎɐʞ♡,A6:C0:2B:A6:3B:4E,-43, WPA2 ,0.000000,0.000000,0.000,0.000,AP
2026-08-31 20:45:46,1900-01-00 00:00:00,◤rǝs_ʎɐʞ♡,A6:C0:2B:A6:3B:4E,-43, WPA2 ,0.000000,0.000000,0.000,0.000,AP
2026-08-31 20:45:46,1900-01-00 00:00:00,◤rǝs_ʎɐʞ♡,A6:C0:2B:A6:3B:4E,-43, WPA2 ,0.000000,0.000000,0.000,0.000,AP
2026-08-31 20:45:46,1900-01-00 00:00:00,◤rǝs_ʎɐʞ♡,A6:C0:2B:A6:3B:4E,-43, WPA2 ,0.000000,0.000000,0.000,0.000,AP
2026-08-31 20:45:46,1900-01-00 00:00:00,◤rǝs_ʎɐʞ♡,A6:C0:2B:A6:3B:4E,-39, WPA2 ,0.000000,0.000000,0.000,0.000,AP
2026-08-31 20:45:46,1900-01-00 00:00:00,◤rǝs_ʎɐʞ♡,A6:C0:2B:A6:3B:4E,-43, WPA2 ,0.000000,0.000000,0.000,0.000,AP
2026-08-31 20:45:46,1900-01-00 00:00:00,◤rǝs_ʎɐʞ♡,A6:C0:2B:A6:3B:4E,-43, WPA2 ,0.000000,0.000000,0.000,0.000,AP
2026-08-31 20:45:46,1900-01-00 00:00:00,◤rǝs_ʎɐʞ♡,A6:C0:2B:A6:3B:4E,-43, WPA2 ,0.000000,0.000000,0.000,0.000,AP
2026-08-31 20:45:46,1900-01-00 00:00:00,◤rǝs_ʎɐʞ♡,A6:C0:2B:A6:3B:4E,-43, WPA2 ,0.000000,0.000000,0.000,0.000,AP
2026-08-31 20:45:46,1900-01-00 00:00:00,◤rǝs_ʎɐʞ♡,A6:C0:2B:A6:3B:4E,-43, WPA2 ,0.000000,0.000000,0.000,0.000,AP
2026-08-31 20:45:47,1900-01-00 00:00:00,◤rǝs_ʎɐʞ♡,A6:C0:2B:A6:3B:4E,-43, WPA2 ,0.000000,0.000000,0.000,0.000,AP
2026-08-31 20:45:47,1900-01-00 00:00:00,◤rǝs_ʎɐʞ♡,A6:C0:2B:A6:3B:4E,-43, WPA2 ,0.000000,0.000000,0.000,0.000,AP
2026-08-31 20:45:47,1900-01-00 00:00:00,◤rǝs_ʎɐʞ♡,A6:C0:2B:A6:3B:4E,-43, WPA2 ,0.000000,0.000000,0.000,0.000,AP
2026-08-31 20:45:47,1900-01-00 00:00:00,◤rǝs_ʎɐʞ♡,A6:C0:2B:A6:3B:4E,-47, WPA2 ,0.000000,0.000000,0.000,0.000,AP
2026-08-31 20:45:47,1900-01-00 00:00:00,◤rǝs_ʎɐʞ♡,A6:C0:2B:A6:3B:4E,-43, WPA2 ,0.000000,0.000000,0.000,0.000,AP
2026-08-31 20:45:47,1900-01-00 00:00:00,◤rǝs_ʎɐʞ♡,A6:C0:2B:A6:3B:4E,-43, WPA2 ,0.000000,0.000000,0.000,0.000,AP
2026-08-31 20:45:47,1900-01-00 00:00:00,◤rǝs_ʎɐʞ♡,A6:C0:2B:A6:3B:4E,-43, WPA2 ,0.000000,0.000000,0.000,0.000,AP
2026-08-31 20:45:47,1900-01-00 00:00:00,◤rǝs_ʎɐʞ♡,A6:C0:2B:A6:3B:4E,-47, WPA2 ,0.000000,0.000000,0.000,0.000,AP
2026-08-31 20:45:47,1900-01-00 00:00:00,◤rǝs_ʎɐʞ♡,A6:C0:2B:A6:3B:4E,-43, WPA2 ,0.000000,0.000000,0.000,0.000,AP
2026-08-31 20:45:47,1900-01-00 00:00:00,◤rǝs_ʎɐʞ♡,A6:C0:2B:A6:3B:4E,-47, WPA2 ,0.000000,0.000000,0.000,0.000,AP
2026-08-31 20:45:47,1900-01-00 00:00:00,◤rǝs_ʎɐʞ♡,A6:C0:2B:A6:3B:4E,-43, WPA2 ,0.000000,0.000000,0.000,0.000,AP
2026-08-31 20:45:47,1900-01-00 00:00:00,◤rǝs_ʎɐʞ♡,A6:C0:2B:A6:3B:4E,-43, WPA2 ,0.000000,0.000000,0.000,0.000,AP
2026-08-31 20:45:47,1900-01-00 00:00:00,◤rǝs_ʎɐʞ♡,A6:C0:2B:A6:3B:4E,-43, WPA2 ,0.000000,0.000000,0.000,0.000,AP
2026-08-31 20:45:47,1900-01-00 00:00:00,◤rǝs_ʎɐʞ♡,A6:C0:2B:A6:3B:4E,-43, WPA2 ,0.000000,0.000000,0.000,0.000,AP
2026-08-31 20:45:47,1900-01-00 00:00:00,◤rǝs_ʎɐʞ♡,A6:C0:2B:A6:3B:4E,-43, WPA2 ,0.000000,0.000000,0.000,0.000,AP
2026-08-31 20:45:47,1900-01-00 00:00:00,◤rǝs_ʎɐʞ♡,A6:C0:2B:A6:3B:4E,-43, WPA2 ,0.000000,0.000000,0.000,0.000,AP
2026-08-31 20:45:47,1900-01-00 00:00:00,◤rǝs_ʎɐʞ♡,A6:C0:2B:A6:3B:4E,-43, WPA2 ,0.000000,0.000000,0.000,0.000,AP
2026-08-31 20:45:48,1900-01-00 00:00:00,◤rǝs_ʎɐʞ♡,A6:C0:2B:A6:3B:4E,-43, WPA2 ,0.000000,0.000000,0.000,0.000,AP
2026-08-31 20:45:48,1900-01-00 00:00:00,◤rǝs_ʎɐʞ♡,A6:C0:2B:A6:3B:4E,-43, WPA2 ,0.000000,0.000000,0.000,0.000,AP
2026-08-31 20:45:48,1900-01-00 00:00:00,◤rǝs_ʎɐʞ♡,A6:C0:2B:A6:3B:4E,-43, WPA2 ,0.000000,0.000000,0.000,0.000,AP
2026-08-31 20:45:48,1900-01-00 00:00:00,◤rǝs_ʎɐʞ♡,A6:C0:2B:A6:3B:4E,-43, WPA2 ,0.000000,0.000000,0.000,0.000,AP
2026-08-31 20:45:48,1900-01-00 00:00:00,◤rǝs_ʎɐʞ♡,A6:C0:2B:A6:3B:4E,-43, WPA2 ,0.000000,0.000000,0.000,0.000,AP
2026-08-31 20:45:48,1900-01-00 00:00:00,◤rǝs_ʎɐʞ♡,A6:C0:2B:A6:3B:4E,-43, WPA2 ,0.000000,0.000000,0.000,0.000,AP
2026-08-31 20:45:48,1900-01-00 00:00:00,,88:B1:11:6C:63:8A,-32,,0.000000,0.000000,0.000,0.000,Client
2026-08-31 20:45:48,1900-01-00 00:00:00,,88:B1:11:6C:63:8A,-31,,0.000000,0.000000,0.000,0.000,Client
2026-08-31 20:45:48,1900-01-00 00:00:00,,88:B1:11:6C:63:8A,-31,,0.000000,0.000000,0.000,0.000,Client
2026-08-31 20:45:48,1900-01-00 00:00:00,,88:B1:11:6C:63:8A,-31,,0.000000,0.000000,0.000,0.000,Client
2026-08-31 20:45:48,1900-01-00 00:00:00,,88:B1:11:6C:63:8A,-31,,0.000000,0.000000,0.000,0.000,Client
2026-08-31 20:45:48,1900-01-00 00:00:00,,88:B1:11:6C:63:8A,-31,,0.000000,0.000000,0.000,0.000,Client
2026-08-31 20:45:48,1900-01-00 00:00:00,,88:B1:11:6C:63:8A,-30,,0.000000,0.000000,0.000,0.000,Client
2026-08-31 20:45:48,1900-01-00 00:00:00,,88:B1:11:6C:63:8A,-30,,0.000000,0.000000,0.000,0.000,Client
2026-08-31 20:45:48,1900-01-00 00:00:00,,88:B1:11:6C:63:8A,-30,,0.000000,0.000000,0.000,0.000,Client
2026-08-31 20:45:48,1900-01-00 00:00:00,◤rǝs_ʎɐʞ♡,A6:C0:2B:A6:3B:4E,-43, WPA2 ,0.000000,0.000000,0.000,0.000,AP
2026-08-31 20:45:49,1900-01-00 00:00:00,,88:B1:11:6C:63:8A,-30,,0.000000,0.000000,0.000,0.000,Client
2026-08-31 20:45:49,1900-01-00 00:00:00,,88:B1:11:6C:63:8A,-31,,0.000000,0.000000,0.000,0.000,Client
2026-08-31 20:45:49,1900-01-00 00:00:00,,88:B1:11:6C:63:8A,-31,,0.000000,0.000000,0.000,0.000,Client
2026-08-31 20:45:49,1900-01-00 00:00:00,,88:B1:11:6C:63:8A,-31,,0.000000,0.000000,0.000,0.000,Client
2026-08-31 20:45:49,1900-01-00 00:00:00,,88:B1:11:6C:63:8A,-31,,0.000000,0.000000,0.000,0.000,Client
2026-08-31 20:45:49,1900-01-00 00:00:00,,88:B1:11:6C:63:8A,-31,,0.000000,0.000000,0.000,0.000,Client
2026-08-31 20:45:49,1900-01-00 00:00:00,◤rǝs_ʎɐʞ♡,A6:C0:2B:A6:3B:4E,-43, WPA2 ,0.000000,0.000000,0.000,0.000,AP
2026-08-31 20:45:50,1900-01-00 00:00:00,◤rǝs_ʎɐʞ♡,A6:C0:2B:A6:3B:4E,-43, WPA2 ,0.000000,0.000000,0.000,0.000,AP
2026-08-31 20:45:50,1900-01-00 00:00:00,◤rǝs_ʎɐʞ♡,A6:C0:2B:A6:3B:4E,-43, WPA2 ,0.000000,0.000000,0.000,0.000,AP
2026-08-31 20:45:51,1900-01-00 00:00:00,◤rǝs_ʎɐʞ♡,A6:C0:2B:A6:3B:4E,-43, WPA2 ,0.000000,0.000000,0.000,0.000,AP
2026-08-31 20:45:51,1900-01-00 00:00:00,◤rǝs_ʎɐʞ♡,A6:C0:2B:A6:3B:4E,-43, WPA2 ,0.000000,0.000000,0.000,0.000,AP
2026-08-31 20:45:51,1900-01-00 00:00:00,◤rǝs_ʎɐʞ♡,A6:C0:2B:A6:3B:4E,-47, WPA2 ,0.000000,0.000000,0.000,0.000,AP
2026-08-31 20:45:51,1900-01-00 00:00:00,◤rǝs_ʎɐʞ♡,A6:C0:2B:A6:3B:4E,-43, WPA2 ,0.000000,0.000000,0.000,0.000,AP
2026-08-31 20:45:51,1900-01-00 00:00:00,◤rǝs_ʎɐʞ♡,A6:C0:2B:A6:3B:4E,-47, WPA2 ,0.000000,0.000000,0.000,0.000,AP
2026-08-31 20:45:51,1900-01-00 00:00:00,◤rǝs_ʎɐʞ♡,A6:C0:2B:A6:3B:4E,-47, WPA2 ,0.000000,0.000000,0.000,0.000,AP
2026-08-31 20:45:51,1900-01-00 00:00:00,◤rǝs_ʎɐʞ♡,A6:C0:2B:A6:3B:4E,-43, WPA2 ,0.000000,0.000000,0.000,0.000,AP
2026-08-31 20:45:51,1900-01-00 00:00:00,◤rǝs_ʎɐʞ♡,A6:C0:2B:A6:3B:4E,-47, WPA2 ,0.000000,0.000000,0.000,0.000,AP
2026-08-31 20:45:51,1900-01-00 00:00:00,◤rǝs_ʎɐʞ♡,A6:C0:2B:A6:3B:4E,-43, WPA2 ,0.000000,0.000000,0.000,0.000,AP
2026-08-31 20:45:51,1900-01-00 00:00:00,◤rǝs_ʎɐʞ♡,A6:C0:2B:A6:3B:4E,-47, WPA2 ,0.000000,0.000000,0.000,0.000,AP
2026-08-31 20:45:51,1900-01-00 00:00:00,◤rǝs_ʎɐʞ♡,A6:C0:2B:A6:3B:4E,-47, WPA2 ,0.000000,0.000000,0.000,0.000,AP
2026-08-31 20:45:51,1900-01-00 00:00:00,◤rǝs_ʎɐʞ♡,A6:C0:2B:A6:3B:4E,-34, WPA2 ,0.000000,0.000000,0.000,0.000,AP
2026-08-31 20:45:51,1900-01-00 00:00:00,◤rǝs_ʎɐʞ♡,A6:C0:2B:A6:3B:4E,-47, WPA2 ,0.000000,0.000000,0.000,0.000,AP
2026-08-31 20:45:51,1900-01-00 00:00:00,◤rǝs_ʎɐʞ♡,A6:C0:2B:A6:3B:4E,-47, WPA2 ,0.000000,0.000000,0.000,0.000,AP
2026-08-31 20:45:51,1900-01-00 00:00:00,◤rǝs_ʎɐʞ♡,A6:C0:2B:A6:3B:4E,-35, WPA2 ,0.000000,0.000000,0.000,0.000,AP
2026-08-31 20:45:51,1900-01-00 00:00:00,◤rǝs_ʎɐʞ♡,A6:C0:2B:A6:3B:4E,-47, WPA2 ,0.000000,0.000000,0.000,0.000,AP
2026-08-31 20:45:51,1900-01-00 00:00:00,◤rǝs_ʎɐʞ♡,A6:C0:2B:A6:3B:4E,-47, WPA2 ,0.000000,0.000000,0.000,0.000,AP
2026-08-31 20:45:51,1900-01-00 00:00:00,◤rǝs_ʎɐʞ♡,A6:C0:2B:A6:3B:4E,-43, WPA2 ,0.000000,0.000000,0.000,0.000,AP
2026-08-31 20:45:51,1900-01-00 00:00:00,◤rǝs_ʎɐʞ♡,A6:C0:2B:A6:3B:4E,-39, WPA2 ,0.000000,0.000000,0.000,0.000,AP
2026-08-31 20:45:51,1900-01-00 00:00:00,◤rǝs_ʎɐʞ♡,A6:C0:2B:A6:3B:4E,-39, WPA2 ,0.000000,0.000000,0.000,0.000,AP
2026-08-31 20:45:51,1900-01-00 00:00:00,◤rǝs_ʎɐʞ♡,A6:C0:2B:A6:3B:4E,-39, WPA2 ,0.000000,0.000000,0.000,0.000,AP
2026-08-31 20:45:51,1900-01-00 00:00:00,◤rǝs_ʎɐʞ♡,A6:C0:2B:A6:3B:4E,-39, WPA2 ,0.000000,0.000000,0.000,0.000,AP
2026-08-31 20:45:51,1900-01-00 00:00:00,◤rǝs_ʎɐʞ♡,A6:C0:2B:A6:3B:4E,-43, WPA2 ,0.000000,0.000000,0.000,0.000,AP
2026-08-31 20:45:52,1900-01-00 00:00:00,◤rǝs_ʎɐʞ♡,A6:C0:2B:A6:3B:4E,-43, WPA2 ,0.000000,0.000000,0.000,0.000,AP
2026-08-31 20:45:52,1900-01-00 00:00:00,◤rǝs_ʎɐʞ♡,A6:C0:2B:A6:3B:4E,-43, WPA2 ,0.000000,0.000000,0.000,0.000,AP
2026-08-31 20:45:52,1900-01-00 00:00:00,◤rǝs_ʎɐʞ♡,A6:C0:2B:A6:3B:4E,-43, WPA2 ,0.000000,0.000000,0.000,0.000,AP
2026-08-31 20:45:52,1900-01-00 00:00:00,◤rǝs_ʎɐʞ♡,A6:C0:2B:A6:3B:4E,-43, WPA2 ,0.000000,0.000000,0.000,0.000,AP
2026-08-31 20:45:52,1900-01-00 00:00:00,◤rǝs_ʎɐʞ♡,A6:C0:2B:A6:3B:4E,-34, WPA2 ,0.000000,0.000000,0.000,0.000,AP
2026-08-31 20:45:52,1900-01-00 00:00:00,◤rǝs_ʎɐʞ♡,A6:C0:2B:A6:3B:4E,-43, WPA2 ,0.000000,0.000000,0.000,0.000,AP
2026-08-31 20:45:52,1900-01-00 00:00:00,◤rǝs_ʎɐʞ♡,A6:C0:2B:A6:3B:4E,-43, WPA2 ,0.000000,0.000000,0.000,0.000,AP
2026-08-31 20:45:52,1900-01-00 00:00:00,◤rǝs_ʎɐʞ♡,A6:C0:2B:A6:3B:4E,-34, WPA2 ,0.000000,0.000000,0.000,0.000,AP
2026-08-31 20:45:53,1900-01-00 00:00:00,◤rǝs_ʎɐʞ♡,A6:C0:2B:A6:3B:4E,-43, WPA2 ,0.000000,0.000000,0.000,0.000,AP
2026-08-31 20:45:53,1900-01-00 00:00:00,◤rǝs_ʎɐʞ♡,A6:C0:2B:A6:3B:4E,-43, WPA2 ,0.000000,0.000000,0.000,0.000,AP
2026-08-31 20:45:53,1900-01-00 00:00:00,◤rǝs_ʎɐʞ♡,A6:C0:2B:A6:3B:4E,-43, WPA2 ,0.000000,0.000000,0.000,0.000,AP
2026-08-31 20:45:53,1900-01-00 00:00:00,◤rǝs_ʎɐʞ♡,A6:C0:2B:A6:3B:4E,-43, WPA2 ,0.000000,0.000000,0.000,0.000,AP
2026-08-31 20:45:53,1900-01-00 00:00:00,◤rǝs_ʎɐʞ♡,A6:C0:2B:A6:3B:4E,-34, WPA2 ,0.000000,0.000000,0.000,0.000,AP
2026-08-31 20:45:53,1900-01-00 00:00:00,◤rǝs_ʎɐʞ♡,A6:C0:2B:A6:3B:4E,-43, WPA2 ,0.000000,0.000000,0.000,0.000,AP
2026-08-31 20:45:53,1900-01-00 00:00:00,◤rǝs_ʎɐʞ♡,A6:C0:2B:A6:3B:4E,-43, WPA2 ,0.000000,0.000000,0.000,0.000,AP
2026-08-31 20:45:53,1900-01-00 00:00:00,◤rǝs_ʎɐʞ♡,A6:C0:2B:A6:3B:4E,-34, WPA2 ,0.000000,0.000000,0.000,0.000,AP
2026-08-31 20:45:54,1900-01-00 00:00:00,◤rǝs_ʎɐʞ♡,A6:C0:2B:A6:3B:4E,-43, WPA2 ,0.000000,0.000000,0.000,0.000,AP
2026-08-31 20:45:54,1900-01-00 00:00:00,◤rǝs_ʎɐʞ♡,A6:C0:2B:A6:3B:4E,-43, WPA2 ,0.000000,0.000000,0.000,0.000,AP
2026-08-31 20:45:54,1900-01-00 00:00:00,◤rǝs_ʎɐʞ♡,A6:C0:2B:A6:3B:4E,-43, WPA2 ,0.000000,0.000000,0.000,0.000,AP
2026-08-31 20:45:54,1900-01-00 00:00:00,◤rǝs_ʎɐʞ♡,A6:C0:2B:A6:3B:4E,-43, WPA2 ,0.000000,0.000000,0.000,0.000,AP
2026-08-31 20:45:54,1900-01-00 00:00:00,◤rǝs_ʎɐʞ♡,A6:C0:2B:A6:3B:4E,-43, WPA2 ,0.000000,0.000000,0.000,0.000,AP
2026-08-31 20:45:54,1900-01-00 00:00:00,◤rǝs_ʎɐʞ♡,A6:C0:2B:A6:3B:4E,-47, WPA2 ,0.000000,0.000000,0.000,0.000,AP
2026-08-31 20:45:54,1900-01-00 00:00:00,◤rǝs_ʎɐʞ♡,A6:C0:2B:A6:3B:4E,-43, WPA2 ,0.000000,0.000000,0.000,0.000,AP
2026-08-31 20:45:54,1900-01-00 00:00:00,◤rǝs_ʎɐʞ♡,A6:C0:2B:A6:3B:4E,-43, WPA2 ,0.000000,0.000000,0.000,0.000,AP
2026-08-31 20:45:54,1900-01-00 00:00:00,◤rǝs_ʎɐʞ♡,A6:C0:2B:A6:3B:4E,-43, WPA2 ,0.000000,0.000000,0.000,0.000,AP
2026-08-31 20:45:54,1900-01-00 00:00:00,◤rǝs_ʎɐʞ♡,A6:C0:2B:A6:3B:4E,-43, WPA2 ,0.000000,0.000000,0.000,0.000,AP
2026-08-31 20:45:55,1900-01-00 00:00:00,◤rǝs_ʎɐʞ♡,A6:C0:2B:A6:3B:4E,-43, WPA2 ,0.000000,0.000000,0.000,0.000,AP
2026-08-31 20:45:55,1900-01-00 00:00:00,◤rǝs_ʎɐʞ♡,A6:C0:2B:A6:3B:4E,-43, WPA2 ,0.000000,0.000000,0.000,0.000,AP
2026-08-31 20:45:55,1900-01-00 00:00:00,◤rǝs_ʎɐʞ♡,A6:C0:2B:A6:3B:4E,-43, WPA2 ,0.000000,0.000000,0.000,0.000,AP
2026-08-31 20:45:55,1900-01-00 00:00:00,◤rǝs_ʎɐʞ♡,A6:C0:2B:A6:3B:4E,-43, WPA2 ,0.000000,0.000000,0.000,0.000,AP
2026-08-31 20:45:55,1900-01-00 00:00:00,◤rǝs_ʎɐʞ♡,A6:C0:2B:A6:3B:4E,-47, WPA2 ,0.000000,0.000000,0.000,0.000,AP
2026-08-31 20:45:55,1900-01-00 00:00:00,◤rǝs_ʎɐʞ♡,A6:C0:2B:A6:3B:4E,-47, WPA2 ,0.000000,0.000000,0.000,0.000,AP
2026-08-31 20:45:55,1900-01-00 00:00:00,◤rǝs_ʎɐʞ♡,A6:C0:2B:A6:3B:4E,-47, WPA2 ,0.000000,0.000000,0.000,0.000,AP
2026-08-31 20:45:55,1900-01-00 00:00:00,◤rǝs_ʎɐʞ♡,A6:C0:2B:A6:3B:4E,-47, WPA2 ,0.000000,0.000000,0.000,0.000,AP
2026-08-31 20:45:55,1900-01-00 00:00:00,◤rǝs_ʎɐʞ♡,A6:C0:2B:A6:3B:4E,-47, WPA2 ,0.000000,0.000000,0.000,0.000,AP
2026-08-31 20:45:55,1900-01-00 00:00:00,◤rǝs_ʎɐʞ♡,A6:C0:2B:A6:3B:4E,-47, WPA2 ,0.000000,0.000000,0.000,0.000,AP
2026-08-31 20:45:55,1900-01-00 00:00:00,◤rǝs_ʎɐʞ♡,A6:C0:2B:A6:3B:4E,-43, WPA2 ,0.000000,0.000000,0.000,0.000,AP
2026-08-31 20:45:55,1900-01-00 00:00:00,◤rǝs_ʎɐʞ♡,A6:C0:2B:A6:3B:4E,-47, WPA2 ,0.000000,0.000000,0.000,0.000,AP
2026-08-31 20:45:55,1900-01-00 00:00:00,◤rǝs_ʎɐʞ♡,A6:C0:2B:A6:3B:4E,-43, WPA2 ,0.000000,0.000000,0.000,0.000,AP
2026-08-31 20:45:55,1900-01-00 00:00:00,◤rǝs_ʎɐʞ♡,A6:C0:2B:A6:3B:4E,-47, WPA2 ,0.000000,0.000000,0.000,0.000,AP
2026-08-31 20:45:55,1900-01-00 00:00:00,◤rǝs_ʎɐʞ♡,A6:C0:2B:A6:3B:4E,-43, WPA2 ,0.000000,0.000000,0.000,0.000,AP
2026-08-31 20:45:56,1900-01-00 00:00:00,◤rǝs_ʎɐʞ♡,A6:C0:2B:A6:3B:4E,-47, WPA2 ,0.000000,0.000000,0.000,0.000,AP
2026-08-31 20:45:56,1900-01-00 00:00:00,◤rǝs_ʎɐʞ♡,A6:C0:2B:A6:3B:4E,-43, WPA2 ,0.000000,0.000000,0.000,0.000,AP
2026-08-31 20:45:56,1900-01-00 00:00:00,◤rǝs_ʎɐʞ♡,A6:C0:2B:A6:3B:4E,-35, WPA2 ,0.000000,0.000000,0.000,0.000,AP
2026-08-31 20:45:56,1900-01-00 00:00:00,◤rǝs_ʎɐʞ♡,A6:C0:2B:A6:3B:4E,-43, WPA2 ,0.000000,0.000000,0.000,0.000,AP
2026-08-31 20:45:56,1900-01-00 00:00:00,◤rǝs_ʎɐʞ♡,A6:C0:2B:A6:3B:4E,-47, WPA2 ,0.000000,0.000000,0.000,0.000,AP
2026-08-31 20:45:56,1900-01-00 00:00:00,◤rǝs_ʎɐʞ♡,A6:C0:2B:A6:3B:4E,-47, WPA2 ,0.000000,0.000000,0.000,0.000,AP
2026-08-31 20:45:56,1900-01-00 00:00:00,◤rǝs_ʎɐʞ♡,A6:C0:2B:A6:3B:4E,-43, WPA2 ,0.000000,0.000000,0.000,0.000,AP
2026-08-31 20:45:56,1900-01-00 00:00:00,◤rǝs_ʎɐʞ♡,A6:C0:2B:A6:3B:4E,-43, WPA2 ,0.000000,0.000000,0.000,0.000,AP
2026-08-31 20:45:56,1900-01-00 00:00:00,◤rǝs_ʎɐʞ♡,A6:C0:2B:A6:3B:4E,-43, WPA2 ,0.000000,0.000000,0.000,0.000,AP
2026-08-31 20:45:57,1900-01-00 00:00:00,◤rǝs_ʎɐʞ♡,A6:C0:2B:A6:3B:4E,-34, WPA2 ,0.000000,0.000000,0.000,0.000,AP
2026-08-31 20:45:57,1900-01-00 00:00:00,◤rǝs_ʎɐʞ♡,A6:C0:2B:A6:3B:4E,-43, WPA2 ,0.000000,0.000000,0.000,0.000,AP
2026-08-31 20:45:57,1900-01-00 00:00:00,◤rǝs_ʎɐʞ♡,A6:C0:2B:A6:3B:4E,-43, WPA2 ,0.000000,0.000000,0.000,0.000,AP
2026-08-31 20:45:57,1900-01-00 00:00:00,◤rǝs_ʎɐʞ♡,A6:C0:2B:A6:3B:4E,-47, WPA2 ,0.000000,0.000000,0.000,0.000,AP
2026-08-31 20:45:57,1900-01-00 00:00:00,◤rǝs_ʎɐʞ♡,A6:C0:2B:A6:3B:4E,-47, WPA2 ,0.000000,0.000000,0.000,0.000,AP
2026-08-31 20:45:57,1900-01-00 00:00:00,◤rǝs_ʎɐʞ♡,A6:C0:2B:A6:3B:4E,-47, WPA2 ,0.000000,0.000000,0.000,0.000,AP
2026-08-31 20:45:57,1900-01-00 00:00:00,◤rǝs_ʎɐʞ♡,A6:C0:2B:A6:3B:4E,-43, WPA2 ,0.000000,0.000000,0.000,0.000,AP
2026-08-31 20:45:57,1900-01-00 00:00:00,◤rǝs_ʎɐʞ♡,A6:C0:2B:A6:3B:4E,-47, WPA2 ,0.000000,0.000000,0.000,0.000,AP
2026-08-31 20:45:57,1900-01-00 00:00:00,◤rǝs_ʎɐʞ♡,A6:C0:2B:A6:3B:4E,-43, WPA2 ,0.000000,0.000000,0.000,0.000,AP
2026-08-31 20:45:57,1900-01-00 00:00:00,◤rǝs_ʎɐʞ♡,A6:C0:2B:A6:3B:4E,-47, WPA2 ,0.000000,0.000000,0.000,0.000,AP
2026-08-31 20:45:57,1900-01-00 00:00:00,◤rǝs_ʎɐʞ♡,A6:C0:2B:A6:3B:4E,-47, WPA2 ,0.000000,0.000000,0.000,0.000,AP
2026-08-31 20:45:57,1900-01-00 00:00:00,◤rǝs_ʎɐʞ♡,A6:C0:2B:A6:3B:4E,-47, WPA2 ,0.000000,0.000000,0.000,0.000,AP
2026-08-31 20:45:57,1900-01-00 00:00:00,◤rǝs_ʎɐʞ♡,A6:C0:2B:A6:3B:4E,-47, WPA2 ,0.000000,0.000000,0.000,0.000,AP
2026-08-31 20:45:57,1900-01-00 00:00:00,◤rǝs_ʎɐʞ♡,A6:C0:2B:A6:3B:4E,-47, WPA2 ,0.000000,0.000000,0.000,0.000,AP
2026-08-31 20:45:57,1900-01-00 00:00:00,◤rǝs_ʎɐʞ♡,A6:C0:2B:A6:3B:4E,-47, WPA2 ,0.000000,0.000000,0.000,0.000,AP
2026-08-31 20:45:57,1900-01-00 00:00:00,◤rǝs_ʎɐʞ♡,A6:C0:2B:A6:3B:4E,-47, WPA2 ,0.000000,0.000000,0.000,0.000,AP
2026-08-31 20:45:57,1900-01-00 00:00:00,◤rǝs_ʎɐʞ♡,A6:C0:2B:A6:3B:4E,-47, WPA2 ,0.000000,0.000000,0.000,0.000,AP
2026-08-31 20:45:57,1900-01-00 00:00:00,◤rǝs_ʎɐʞ♡,A6:C0:2B:A6:3B:4E,-43, WPA2 ,0.000000,0.000000,0.000,0.000,AP
2026-08-31 20:45:57,1900-01-00 00:00:00,◤rǝs_ʎɐʞ♡,A6:C0:2B:A6:3B:4E,-43, WPA2 ,0.000000,0.000000,0.000,0.000,AP
2026-08-31 20:45:57,1900-01-00 00:00:00,◤rǝs_ʎɐʞ♡,A6:C0:2B:A6:3B:4E,-43, WPA2 ,0.000000,0.000000,0.000,0.000,AP
2026-08-31 20:45:57,1900-01-00 00:00:00,◤rǝs_ʎɐʞ♡,A6:C0:2B:A6:3B:4E,-43, WPA2 ,0.000000,0.000000,0.000,0.000,AP
2026-08-31 20:45:58,1900-01-00 00:00:00,◤rǝs_ʎɐʞ♡,A6:C0:2B:A6:3B:4E,-43, WPA2 ,0.000000,0.000000,0.000,0.000,AP
2026-08-31 20:45:58,1900-01-00 00:00:00,◤rǝs_ʎɐʞ♡,A6:C0:2B:A6:3B:4E,-43, WPA2 ,0.000000,0.000000,0.000,0.000,AP
2026-08-31 20:45:58,1900-01-00 00:00:00,◤rǝs_ʎɐʞ♡,A6:C0:2B:A6:3B:4E,-47, WPA2 ,0.000000,0.000000,0.000,0.000,AP
2026-08-31 20:45:58,1900-01-00 00:00:00,◤rǝs_ʎɐʞ♡,A6:C0:2B:A6:3B:4E,-47, WPA2 ,0.000000,0.000000,0.000,0.000,AP
2026-08-31 20:45:58,1900-01-00 00:00:00,◤rǝs_ʎɐʞ♡,A6:C0:2B:A6:3B:4E,-35, WPA2 ,0.000000,0.000000,0.000,0.000,AP
2026-08-31 20:45:58,1900-01-00 00:00:00,◤rǝs_ʎɐʞ♡,A6:C0:2B:A6:3B:4E,-47, WPA2 ,0.000000,0.000000,0.000,0.000,AP
2026-08-31 20:45:58,1900-01-00 00:00:00,◤rǝs_ʎɐʞ♡,A6:C0:2B:A6:3B:4E,-47, WPA2 ,0.000000,0.000000,0.000,0.000,AP
2026-08-31 20:45:58,1900-01-00 00:00:00,◤rǝs_ʎɐʞ♡,A6:C0:2B:A6:3B:4E,-47, WPA2 ,0.000000,0.000000,0.000,0.000,AP
2026-08-31 20:45:58,1900-01-00 00:00:00,◤rǝs_ʎɐʞ♡,A6:C0:2B:A6:3B:4E,-47, WPA2 ,0.000000,0.000000,0.000,0.000,AP
2026-08-31 20:45:58,1900-01-00 00:00:00,◤rǝs_ʎɐʞ♡,A6:C0:2B:A6:3B:4E,-47, WPA2 ,0.000000,0.000000,0.000,0.000,AP
2026-08-31 20:45:58,1900-01-00 00:00:00,◤rǝs_ʎɐʞ♡,A6:C0:2B:A6:3B:4E,-47, WPA2 ,0.000000,0.000000,0.000,0.000,AP
2026-08-31 20:45:58,1900-01-00 00:00:00,◤rǝs_ʎɐʞ♡,A6:C0:2B:A6:3B:4E,-43, WPA2 ,0.000000,0.000000,0.000,0.000,AP
2026-08-31 20:45:58,1900-01-00 00:00:00,◤rǝs_ʎɐʞ♡,A6:C0:2B:A6:3B:4E,-43, WPA2 ,0.000000,0.000000,0.000,0.000,AP
2026-08-31 20:45:58,1900-01-00 00:00:00,◤rǝs_ʎɐʞ♡,A6:C0:2B:A6:3B:4E,-43, WPA2 ,0.000000,0.000000,0.000,0.000,AP
2026-08-31 20:45:58,1900-01-00 00:00:00,◤rǝs_ʎɐʞ♡,A6:C0:2B:A6:3B:4E,-43, WPA2 ,0.000000,0.000000,0.000,0.000,AP
2026-08-31 20:45:58,1900-01-00 00:00:00,◤rǝs_ʎɐʞ♡,A6:C0:2B:A6:3B:4E,-43, WPA2 ,0.000000,0.000000,0.000,0.000,AP
2026-08-31 20:45:58,1900-01-00 00:00:00,◤rǝs_ʎɐʞ♡,A6:C0:2B:A6:3B:4E,-47, WPA2 ,0.000000,0.000000,0.000,0.000,AP
2026-08-31 20:45:58,1900-01-00 00:00:00,◤rǝs_ʎɐʞ♡,A6:C0:2B:A6:3B:4E,-43, WPA2 ,0.000000,0.000000,0.000,0.000,AP
2026-08-31 20:45:59,1900-01-00 00:00:00,◤rǝs_ʎɐʞ♡,A6:C0:2B:A6:3B:4E,-43, WPA2 ,0.000000,0.000000,0.000,0.000,AP
2026-08-31 20:45:59,1900-01-00 00:00:00,◤rǝs_ʎɐʞ♡,A6:C0:2B:A6:3B:4E,-34, WPA2 ,0.000000,0.000000,0.000,0.000,AP
2026-08-31 20:45:59,1900-01-00 00:00:00,◤rǝs_ʎɐʞ♡,A6:C0:2B:A6:3B:4E,-43, WPA2 ,0.000000,0.000000,0.000,0.000,AP
2026-08-31 20:45:59,1900-01-00 00:00:00,◤rǝs_ʎɐʞ♡,A6:C0:2B:A6:3B:4E,-43, WPA2 ,0.000000,0.000000,0.000,0.000,AP
2026-08-31 20:45:59,1900-01-00 00:00:00,,88:B1:11:6C:63:8A,-31,,0.000000,0.000000,0.000,0.000,Client
2026-08-31 20:45:59,1900-01-00 00:00:00,,88:B1:11:6C:63:8A,-31,,0.000000,0.000000,0.000,0.000,Client
2026-08-31 20:45:59,1900-01-00 00:00:00,,88:B1:11:6C:63:8A,-30,,0.000000,0.000000,0.000,0.000,Client
2026-08-31 20:45:59,1900-01-00 00:00:00,◤rǝs_ʎɐʞ♡,A6:C0:2B:A6:3B:4E,-43, WPA2 ,0.000000,0.000000,0.000,0.000,AP
2026-08-31 20:45:59,1900-01-00 00:00:00,◤rǝs_ʎɐʞ♡,A6:C0:2B:A6:3B:4E,-43, WPA2 ,0.000000,0.000000,0.000,0.000,AP
2026-08-31 20:45:59,1900-01-00 00:00:00,◤rǝs_ʎɐʞ♡,A6:C0:2B:A6:3B:4E,-43, WPA2 ,0.000000,0.000000,0.000,0.000,AP
2026-08-31 20:45:59,1900-01-00 00:00:00,,88:B1:11:6C:63:8A,-30,,0.000000,0.000000,0.000,0.000,Client
2026-08-31 20:45:59,1900-01-00 00:00:00,,88:B1:11:6C:63:8A,-34,,0.000000,0.000000,0.000,0.000,Client
2026-08-31 20:45:59,1900-01-00 00:00:00,,88:B1:11:6C:63:8A,-30,,0.000000,0.000000,0.000,0.000,Client
2026-08-31 20:45:59,1900-01-00 00:00:00,,88:B1:11:6C:63:8A,-30,,0.000000,0.000000,0.000,0.000,Client
2026-08-31 20:45:59,1900-01-00 00:00:00,◤rǝs_ʎɐʞ♡,A6:C0:2B:A6:3B:4E,-43, WPA2 ,0.000000,0.000000,0.000,0.000,AP
2026-08-31 20:45:59,1900-01-00 00:00:00,◤rǝs_ʎɐʞ♡,A6:C0:2B:A6:3B:4E,-43, WPA2 ,0.000000,0.000000,0.000,0.000,AP
2026-08-31 20:46:00,1900-01-00 00:00:00,◤rǝs_ʎɐʞ♡,A6:C0:2B:A6:3B:4E,-43, WPA2 ,0.000000,0.000000,0.000,0.000,AP
2026-08-31 20:46:00,1900-01-00 00:00:00,◤rǝs_ʎɐʞ♡,A6:C0:2B:A6:3B:4E,-47, WPA2 ,0.000000,0.000000,0.000,0.000,AP
2026-08-31 20:46:00,1900-01-00 00:00:00,◤rǝs_ʎɐʞ♡,A6:C0:2B:A6:3B:4E,-47, WPA2 ,0.000000,0.000000,0.000,0.000,AP
2026-08-31 20:46:00,1900-01-00 00:00:00,◤rǝs_ʎɐʞ♡,A6:C0:2B:A6:3B:4E,-47, WPA2 ,0.000000,0.000000,0.000,0.000,AP
2026-08-31 20:46:00,1900-01-00 00:00:00,◤rǝs_ʎɐʞ♡,A6:C0:2B:A6:3B:4E,-43, WPA2 ,0.000000,0.000000,0.000,0.000,AP
2026-08-31 20:46:00,1900-01-00 00:00:00,◤rǝs_ʎɐʞ♡,A6:C0:2B:A6:3B:4E,-43, WPA2 ,0.000000,0.000000,0.000,0.000,AP
2026-08-31 20:46:00,1900-01-00 00:00:00,◤rǝs_ʎɐʞ♡,A6:C0:2B:A6:3B:4E,-43, WPA2 ,0.000000,0.000000,0.000,0.000,AP
2026-08-31 20:46:00,1900-01-00 00:00:00,◤rǝs_ʎɐʞ♡,A6:C0:2B:A6:3B:4E,-43, WPA2 ,0.000000,0.000000,0.000,0.000,AP
2026-08-31 20:46:00,1900-01-00 00:00:00,◤rǝs_ʎɐʞ♡,A6:C0:2B:A6:3B:4E,-43, WPA2 ,0.000000,0.000000,0.000,0.000,AP
2026-08-31 20:46:00,1900-01-00 00:00:00,◤rǝs_ʎɐʞ♡,A6:C0:2B:A6:3B:4E,-43, WPA2 ,0.000000,0.000000,0.000,0.000,AP
2026-08-31 20:46:01,1900-01-00 00:00:00,◤rǝs_ʎɐʞ♡,A6:C0:2B:A6:3B:4E,-47, WPA2 ,0.000000,0.000000,0.000,0.000,AP
2026-08-31 20:46:01,1900-01-00 00:00:00,◤rǝs_ʎɐʞ♡,A6:C0:2B:A6:3B:4E,-43, WPA2 ,0.000000,0.000000,0.000,0.000,AP
2026-08-31 20:46:01,1900-01-00 00:00:00,◤rǝs_ʎɐʞ♡,A6:C0:2B:A6:3B:4E,-47, WPA2 ,0.000000,0.000000,0.000,0.000,AP
2026-08-31 20:46:01,1900-01-00 00:00:00,,88:B1:11:6C:63:8A,-31,,0.000000,0.000000,0.000,0.000,Client
2026-08-31 20:46:01,1900-01-00 00:00:00,,88:B1:11:6C:63:8A,-31,,0.000000,0.000000,0.000,0.000,Client
2026-08-31 20:46:01,1900-01-00 00:00:00,,88:B1:11:6C:63:8A,-30,,0.000000,0.000000,0.000,0.000,Client
2026-08-31 20:46:01,1900-01-00 00:00:00,◤rǝs_ʎɐʞ♡,A6:C0:2B:A6:3B:4E,-43, WPA2 ,0.000000,0.000000,0.000,0.000,AP
2026-08-31 20:46:01,1900-01-00 00:00:00,◤rǝs_ʎɐʞ♡,A6:C0:2B:A6:3B:4E,-43, WPA2 ,0.000000,0.000000,0.000,0.000,AP
2026-08-31 20:46:01,1900-01-00 00:00:00,◤rǝs_ʎɐʞ♡,A6:C0:2B:A6:3B:4E,-43, WPA2 ,0.000000,0.000000,0.000,0.000,AP
2026-08-31 20:46:01,1900-01-00 00:00:00,,88:B1:11:6C:63:8A,-31,,0.000000,0.000000,0.000,0.000,Client
2026-08-31 20:46:01,1900-01-00 00:00:00,,88:B1:11:6C:63:8A,-31,,0.000000,0.000000,0.000,0.000,Client
2026-08-31 20:46:01,1900-01-00 00:00:00,,88:B1:11:6C:63:8A,-30,,0.000000,0.000000,0.000,0.000,Client
2026-08-31 20:46:01,1900-01-00 00:00:00,◤rǝs_ʎɐʞ♡,A6:C0:2B:A6:3B:4E,-43, WPA2 ,0.000000,0.000000,0.000,0.000,AP
2026-08-31 20:46:01,1900-01-00 00:00:00,◤rǝs_ʎɐʞ♡,A6:C0:2B:A6:3B:4E,-47, WPA2 ,0.000000,0.000000,0.000,0.000,AP
2026-08-31 20:46:01,1900-01-00 00:00:00,◤rǝs_ʎɐʞ♡,A6:C0:2B:A6:3B:4E,-47, WPA2 ,0.000000,0.000000,0.000,0.000,AP
2026-08-31 20:46:01,1900-01-00 00:00:00,◤rǝs_ʎɐʞ♡,A6:C0:2B:A6:3B:4E,-47, WPA2 ,0.000000,0.000000,0.000,0.000,AP
2026-08-31 20:46:01,1900-01-00 00:00:00,◤rǝs_ʎɐʞ♡,A6:C0:2B:A6:3B:4E,-47, WPA2 ,0.000000,0.000000,0.000,0.000,AP
2026-08-31 20:46:01,1900-01-00 00:00:00,◤rǝs_ʎɐʞ♡,A6:C0:2B:A6:3B:4E,-35, WPA2 ,0.000000,0.000000,0.000,0.000,AP
2026-08-31 20:46:01,1900-01-00 00:00:00,◤rǝs_ʎɐʞ♡,A6:C0:2B:A6:3B:4E,-47, WPA2 ,0.000000,0.000000,0.000,0.000,AP
2026-08-31 20:46:01,1900-01-00 00:00:00,◤rǝs_ʎɐʞ♡,A6:C0:2B:A6:3B:4E,-47, WPA2 ,0.000000,0.000000,0.000,0.000,AP
2026-08-31 20:46:01,1900-01-00 00:00:00,◤rǝs_ʎɐʞ♡,A6:C0:2B:A6:3B:4E,-47, WPA2 ,0.000000,0.000000,0.000,0.000,AP
2026-08-31 20:46:01,1900-01-00 00:00:00,◤rǝs_ʎɐʞ♡,A6:C0:2B:A6:3B:4E,-47, WPA2 ,0.000000,0.000000,0.000,0.000,AP
2026-08-31 20:46:01,1900-01-00 00:00:00,◤rǝs_ʎɐʞ♡,A6:C0:2B:A6:3B:4E,-47, WPA2 ,0.000000,0.000000,0.000,0.000,AP
2026-08-31 20:46:01,1900-01-00 00:00:00,◤rǝs_ʎɐʞ♡,A6:C0:2B:A6:3B:4E,-43, WPA2 ,0.000000,0.000000,0.000,0.000,AP
2026-08-31 20:46:01,1900-01-00 00:00:00,◤rǝs_ʎɐʞ♡,A6:C0:2B:A6:3B:4E,-47, WPA2 ,0.000000,0.000000,0.000,0.000,AP
2026-08-31 20:46:01,1900-01-00 00:00:00,◤rǝs_ʎɐʞ♡,A6:C0:2B:A6:3B:4E,-35, WPA2 ,0.000000,0.000000,0.000,0.000,AP
2026-08-31 20:46:01,1900-01-00 00:00:00,◤rǝs_ʎɐʞ♡,A6:C0:2B:A6:3B:4E,-47, WPA2 ,0.000000,0.000000,0.000,0.000,AP
2026-08-31 20:46:01,1900-01-00 00:00:00,◤rǝs_ʎɐʞ♡,A6:C0:2B:A6:3B:4E,-47, WPA2 ,0.000000,0.000000,0.000,0.000,AP
2026-08-31 20:46:01,1900-01-00 00:00:00,◤rǝs_ʎɐʞ♡,A6:C0:2B:A6:3B:4E,-47, WPA2 ,0.000000,0.000000,0.000,0.000,AP
2026-08-31 20:46:01,1900-01-00 00:00:00,◤rǝs_ʎɐʞ♡,A6:C0:2B:A6:3B:4E,-47, WPA2 ,0.000000,0.000000,0.000,0.000,AP
2026-08-31 20:46:01,1900-01-00 00:00:00,◤rǝs_ʎɐʞ♡,A6:C0:2B:A6:3B:4E,-47, WPA2 ,0.000000,0.000000,0.000,0.000,AP
2026-08-31 20:46:01,1900-01-00 00:00:00,◤rǝs_ʎɐʞ♡,A6:C0:2B:A6:3B:4E,-47, WPA2 ,0.000000,0.000000,0.000,0.000,AP
2026-08-31 20:46:01,1900-01-00 00:00:00,◤rǝs_ʎɐʞ♡,A6:C0:2B:A6:3B:4E,-47, WPA2 ,0.000000,0.000000,0.000,0.000,AP
2026-08-31 20:46:01,1900-01-00 00:00:00,◤rǝs_ʎɐʞ♡,A6:C0:2B:A6:3B:4E,-47, WPA2 ,0.000000,0.000000,0.000,0.000,AP
2026-08-31 20:46:01,1900-01-00 00:00:00,◤rǝs_ʎɐʞ♡,A6:C0:2B:A6:3B:4E,-47, WPA2 ,0.000000,0.000000,0.000,0.000,AP
2026-08-31 20:46:01,1900-01-00 00:00:00,◤rǝs_ʎɐʞ♡,A6:C0:2B:A6:3B:4E,-47, WPA2 ,0.000000,0.000000,0.000,0.000,AP
2026-08-31 20:46:01,1900-01-00 00:00:00,◤rǝs_ʎɐʞ♡,A6:C0:2B:A6:3B:4E,-47, WPA2 ,0.000000,0.000000,0.000,0.000,AP
2026-08-31 20:46:01,1900-01-00 00:00:00,◤rǝs_ʎɐʞ♡,A6:C0:2B:A6:3B:4E,-47, WPA2 ,0.000000,0.000000,0.000,0.000,AP
2026-08-31 20:46:01,1900-01-00 00:00:00,◤rǝs_ʎɐʞ♡,A6:C0:2B:A6:3B:4E,-47, WPA2 ,0.000000,0.000000,0.000,0.000,AP
2026-08-31 20:46:01,1900-01-00 00:00:00,◤rǝs_ʎɐʞ♡,A6:C0:2B:A6:3B:4E,-47, WPA2 ,0.000000,0.000000,0.000,0.000,AP
2026-08-31 20:46:01,1900-01-00 00:00:00,◤rǝs_ʎɐʞ♡,A6:C0:2B:A6:3B:4E,-43, WPA2 ,0.000000,0.000000,0.000,0.000,AP
2026-08-31 20:46:01,1900-01-00 00:00:00,◤rǝs_ʎɐʞ♡,A6:C0:2B:A6:3B:4E,-43, WPA2 ,0.000000,0.000000,0.000,0.000,AP
2026-08-31 20:46:01,1900-01-00 00:00:00,◤rǝs_ʎɐʞ♡,A6:C0:2B:A6:3B:4E,-47, WPA2 ,0.000000,0.000000,0.000,0.000,AP
2026-08-31 20:46:01,1900-01-00 00:00:00,◤rǝs_ʎɐʞ♡,A6:C0:2B:A6:3B:4E,-47, WPA2 ,0.000000,0.000000,0.000,0.000,AP
2026-08-31 20:46:01,1900-01-00 00:00:00,◤rǝs_ʎɐʞ♡,A6:C0:2B:A6:3B:4E,-47, WPA2 ,0.000000,0.000000,0.000,0.000,AP
2026-08-31 20:46:01,1900-01-00 00:00:00,◤rǝs_ʎɐʞ♡,A6:C0:2B:A6:3B:4E,-47, WPA2 ,0.000000,0.000000,0.000,0.000,AP
2026-08-31 20:46:01,1900-01-00 00:00:00,◤rǝs_ʎɐʞ♡,A6:C0:2B:A6:3B:4E,-47, WPA2 ,0.000000,0.000000,0.000,0.000,AP
2026-08-31 20:46:01,1900-01-00 00:00:00,◤rǝs_ʎɐʞ♡,A6:C0:2B:A6:3B:4E,-47, WPA2 ,0.000000,0.000000,0.000,0.000,AP
2026-08-31 20:46:01,1900-01-00 00:00:00,◤rǝs_ʎɐʞ♡,A6:C0:2B:A6:3B:4E,-47, WPA2 ,0.000000,0.000000,0.000,0.000,AP
2026-08-31 20:46:01,1900-01-00 00:00:00,◤rǝs_ʎɐʞ♡,A6:C0:2B:A6:3B:4E,-47, WPA2 ,0.000000,0.000000,0.000,0.000,AP
2026-08-31 20:46:01,1900-01-00 00:00:00,◤rǝs_ʎɐʞ♡,A6:C0:2B:A6:3B:4E,-47, WPA2 ,0.000000,0.000000,0.000,0.000,AP
2026-08-31 20:46:01,1900-01-00 00:00:00,◤rǝs_ʎɐʞ♡,A6:C0:2B:A6:3B:4E,-47, WPA2 ,0.000000,0.000000,0.000,0.000,AP
2026-08-31 20:46:01,1900-01-00 00:00:00,◤rǝs_ʎɐʞ♡,A6:C0:2B:A6:3B:4E,-47, WPA2 ,0.000000,0.000000,0.000,0.000,AP
2026-08-31 20:46:01,1900-01-00 00:00:00,◤rǝs_ʎɐʞ♡,A6:C0:2B:A6:3B:4E,-47, WPA2 ,0.000000,0.000000,0.000,0.000,AP
2026-08-31 20:46:01,1900-01-00 00:00:00,◤rǝs_ʎɐʞ♡,A6:C0:2B:A6:3B:4E,-47, WPA2 ,0.000000,0.000000,0.000,0.000,AP
2026-08-31 20:46:02,1900-01-00 00:00:00,◤rǝs_ʎɐʞ♡,A6:C0:2B:A6:3B:4E,-43, WPA2 ,0.000000,0.000000,0.000,0.000,AP
2026-08-31 20:46:02,1900-01-00 00:00:00,◤rǝs_ʎɐʞ♡,A6:C0:2B:A6:3B:4E,-43, WPA2 ,0.000000,0.000000,0.000,0.000,AP
2026-08-31 20:46:02,1900-01-00 00:00:00,◤rǝs_ʎɐʞ♡,A6:C0:2B:A6:3B:4E,-43, WPA2 ,0.000000,0.000000,0.000,0.000,AP
2026-08-31 20:46:02,1900-01-00 00:00:00,,88:B1:11:6C:63:8A,-32,,0.000000,0.000000,0.000,0.000,Client
2026-08-31 20:46:02,1900-01-00 00:00:00,◤rǝs_ʎɐʞ♡,A6:C0:2B:A6:3B:4E,-34, WPA2 ,0.000000,0.000000,0.000,0.000,AP
2026-08-31 20:46:02,1900-01-00 00:00:00,◤rǝs_ʎɐʞ♡,A6:C0:2B:A6:3B:4E,-47, WPA2 ,0.000000,0.000000,0.000,0.000,AP
2026-08-31 20:46:02,1900-01-00 00:00:00,◤rǝs_ʎɐʞ♡,A6:C0:2B:A6:3B:4E,-47, WPA2 ,0.000000,0.000000,0.000,0.000,AP
2026-08-31 20:46:02,1900-01-00 00:00:00,◤rǝs_ʎɐʞ♡,A6:C0:2B:A6:3B:4E,-43, WPA2 ,0.000000,0.000000,0.000,0.000,AP
2026-08-31 20:46:02,1900-01-00 00:00:00,◤rǝs_ʎɐʞ♡,A6:C0:2B:A6:3B:4E,-43, WPA2 ,0.000000,0.000000,0.000,0.000,AP
2026-08-31 20:46:02,1900-01-00 00:00:00,◤rǝs_ʎɐʞ♡,A6:C0:2B:A6:3B:4E,-47, WPA2 ,0.000000,0.000000,0.000,0.000,AP
2026-08-31 20:46:02,1900-01-00 00:00:00,◤rǝs_ʎɐʞ♡,A6:C0:2B:A6:3B:4E,-47, WPA2 ,0.000000,0.000000,0.000,0.000,AP
2026-08-31 20:46:03,1900-01-00 00:00:00,◤rǝs_ʎɐʞ♡,A6:C0:2B:A6:3B:4E,-47, WPA2 ,0.000000,0.000000,0.000,0.000,AP
2026-08-31 20:46:03,1900-01-00 00:00:00,◤rǝs_ʎɐʞ♡,A6:C0:2B:A6:3B:4E,-47, WPA2 ,0.000000,0.000000,0.000,0.000,AP
2026-08-31 20:46:03,1900-01-00 00:00:00,◤rǝs_ʎɐʞ♡,A6:C0:2B:A6:3B:4E,-47, WPA2 ,0.000000,0.000000,0.000,0.000,AP
2026-08-31 20:46:03,1900-01-00 00:00:00,◤rǝs_ʎɐʞ♡,A6:C0:2B:A6:3B:4E,-34, WPA2 ,0.000000,0.000000,0.000,0.000,AP
2026-08-31 20:46:03,1900-01-00 00:00:00,,88:B1:11:6C:63:8A,-31,,0.000000,0.000000,0.000,0.000,Client
2026-08-31 20:46:03,1900-01-00 00:00:00,◤rǝs_ʎɐʞ♡,A6:C0:2B:A6:3B:4E,-43, WPA2 ,0.000000,0.000000,0.000,0.000,AP
2026-08-31 20:46:03,1900-01-00 00:00:00,,88:B1:11:6C:63:8A,-32,,0.000000,0.000000,0.000,0.000,Client
2026-08-31 20:46:03,1900-01-00 00:00:00,◤rǝs_ʎɐʞ♡,A6:C0:2B:A6:3B:4E,-47, WPA2 ,0.000000,0.000000,0.000,0.000,AP
2026-08-31 20:46:03,1900-01-00 00:00:00,◤rǝs_ʎɐʞ♡,A6:C0:2B:A6:3B:4E,-43, WPA2 ,0.000000,0.000000,0.000,0.000,AP
2026-08-31 20:46:03,1900-01-00 00:00:00,◤rǝs_ʎɐʞ♡,A6:C0:2B:A6:3B:4E,-43, WPA2 ,0.000000,0.000000,0.000,0.000,AP
2026-08-31 20:46:03,1900-01-00 00:00:00,◤rǝs_ʎɐʞ♡,A6:C0:2B:A6:3B:4E,-43, WPA2 ,0.000000,0.000000,0.000,0.000,AP
2026-08-31 20:46:04,1900-01-00 00:00:00,◤rǝs_ʎɐʞ♡,A6:C0:2B:A6:3B:4E,-39, WPA2 ,0.000000,0.000000,0.000,0.000,AP
2026-08-31 20:46:04,1900-01-00 00:00:00,◤rǝs_ʎɐʞ♡,A6:C0:2B:A6:3B:4E,-34, WPA2 ,0.000000,0.000000,0.000,0.000,AP
2026-08-31 20:46:04,1900-01-00 00:00:00,◤rǝs_ʎɐʞ♡,A6:C0:2B:A6:3B:4E,-39, WPA2 ,0.000000,0.000000,0.000,0.000,AP
2026-08-31 20:46:04,1900-01-00 00:00:00,◤rǝs_ʎɐʞ♡,A6:C0:2B:A6:3B:4E,-39, WPA2 ,0.000000,0.000000,0.000,0.000,AP
2026-08-31 20:46:04,1900-01-00 00:00:00,,88:B1:11:6C:63:8A,-31,,0.000000,0.000000,0.000,0.000,Client
2026-08-31 20:46:04,1900-01-00 00:00:00,◤rǝs_ʎɐʞ♡,A6:C0:2B:A6:3B:4E,-47, WPA2 ,0.000000,0.000000,0.000,0.000,AP
2026-08-31 20:46:04,1900-01-00 00:00:00,◤rǝs_ʎɐʞ♡,A6:C0:2B:A6:3B:4E,-47, WPA2 ,0.000000,0.000000,0.000,0.000,AP
2026-08-31 20:46:04,1900-01-00 00:00:00,◤rǝs_ʎɐʞ♡,A6:C0:2B:A6:3B:4E,-43, WPA2 ,0.000000,0.000000,0.000,0.000,AP
2026-08-31 20:46:04,1900-01-00 00:00:00,◤rǝs_ʎɐʞ♡,A6:C0:2B:A6:3B:4E,-43, WPA2 ,0.000000,0.000000,0.000,0.000,AP
2026-08-31 20:46:04,1900-01-00 00:00:00,◤rǝs_ʎɐʞ♡,A6:C0:2B:A6:3B:4E,-43, WPA2 ,0.000000,0.000000,0.000,0.000,AP
2026-08-31 20:46:04,1900-01-00 00:00:00,◤rǝs_ʎɐʞ♡,A6:C0:2B:A6:3B:4E,-43, WPA2 ,0.000000,0.000000,0.000,0.000,AP
2026-08-31 20:46:04,1900-01-00 00:00:00,,88:B1:11:6C:63:8A,-31,,0.000000,0.000000,0.000,0.000,Client
2026-08-31 20:46:05,1900-01-00 00:00:00,◤rǝs_ʎɐʞ♡,A6:C0:2B:A6:3B:4E,-47, WPA2 ,0.000000,0.000000,0.000,0.000,AP
2026-08-31 20:46:05,1900-01-00 00:00:00,◤rǝs_ʎɐʞ♡,A6:C0:2B:A6:3B:4E,-43, WPA2 ,0.000000,0.000000,0.000,0.000,AP
2026-08-31 20:46:05,1900-01-00 00:00:00,◤rǝs_ʎɐʞ♡,A6:C0:2B:A6:3B:4E,-43, WPA2 ,0.000000,0.000000,0.000,0.000,AP
2026-08-31 20:46:05,1900-01-00 00:00:00,◤rǝs_ʎɐʞ♡,A6:C0:2B:A6:3B:4E,-47, WPA2 ,0.000000,0.000000,0.000,0.000,AP
2026-08-31 20:46:05,1900-01-00 00:00:00,◤rǝs_ʎɐʞ♡,A6:C0:2B:A6:3B:4E,-43, WPA2 ,0.000000,0.000000,0.000,0.000,AP
2026-08-31 20:46:05,1900-01-00 00:00:00,◤rǝs_ʎɐʞ♡,A6:C0:2B:A6:3B:4E,-39, WPA2 ,0.000000,0.000000,0.000,0.000,AP
2026-08-31 20:46:05,1900-01-00 00:00:00,◤rǝs_ʎɐʞ♡,A6:C0:2B:A6:3B:4E,-34, WPA2 ,0.000000,0.000000,0.000,0.000,AP
2026-08-31 20:46:05,1900-01-00 00:00:00,,88:B1:11:6C:63:8A,-32,,0.000000,0.000000,0.000,0.000,Client
2026-08-31 20:46:05,1900-01-00 00:00:00,◤rǝs_ʎɐʞ♡,A6:C0:2B:A6:3B:4E,-43, WPA2 ,0.000000,0.000000,0.000,0.000,AP
2026-08-31 20:46:05,1900-01-00 00:00:00,◤rǝs_ʎɐʞ♡,A6:C0:2B:A6:3B:4E,-34, WPA2 ,0.000000,0.000000,0.000,0.000,AP
2026-08-31 20:46:05,1900-01-00 00:00:00,◤rǝs_ʎɐʞ♡,A6:C0:2B:A6:3B:4E,-43, WPA2 ,0.000000,0.000000,0.000,0.000,AP
2026-08-31 20:46:06,1900-01-00 00:00:00,◤rǝs_ʎɐʞ♡,A6:C0:2B:A6:3B:4E,-34, WPA2 ,0.000000,0.000000,0.000,0.000,AP
2026-08-31 20:46:06,1900-01-00 00:00:00,◤rǝs_ʎɐʞ♡,A6:C0:2B:A6:3B:4E,-43, WPA2 ,0.000000,0.000000,0.000,0.000,AP
2026-08-31 20:46:06,1900-01-00 00:00:00,◤rǝs_ʎɐʞ♡,A6:C0:2B:A6:3B:4E,-43, WPA2 ,0.000000,0.000000,0.000,0.000,AP
2026-08-31 20:46:06,1900-01-00 00:00:00,◤rǝs_ʎɐʞ♡,A6:C0:2B:A6:3B:4E,-43, WPA2 ,0.000000,0.000000,0.000,0.000,AP
2026-08-31 20:46:06,1900-01-00 00:00:00,◤rǝs_ʎɐʞ♡,A6:C0:2B:A6:3B:4E,-43, WPA2 ,0.000000,0.000000,0.000,0.000,AP
2026-08-31 20:46:06,1900-01-00 00:00:00,◤rǝs_ʎɐʞ♡,A6:C0:2B:A6:3B:4E,-43, WPA2 ,0.000000,0.000000,0.000,0.000,AP
2026-08-31 20:46:06,1900-01-00 00:00:00,◤rǝs_ʎɐʞ♡,A6:C0:2B:A6:3B:4E,-43, WPA2 ,0.000000,0.000000,0.000,0.000,AP
2026-08-31 20:46:06,1900-01-00 00:00:00,◤rǝs_ʎɐʞ♡,A6:C0:2B:A6:3B:4E,-43, WPA2 ,0.000000,0.000000,0.000,0.000,AP
2026-08-31 20:46:06,1900-01-00 00:00:00,◤rǝs_ʎɐʞ♡,A6:C0:2B:A6:3B:4E,-43, WPA2 ,0.000000,0.000000,0.000,0.000,AP
2026-08-31 20:46:06,1900-01-00 00:00:00,◤rǝs_ʎɐʞ♡,A6:C0:2B:A6:3B:4E,-43, WPA2 ,0.000000,0.000000,0.000,0.000,AP
2026-08-31 20:46:07,1900-01-00 00:00:00,◤rǝs_ʎɐʞ♡,A6:C0:2B:A6:3B:4E,-43, WPA2 ,0.000000,0.000000,0.000,0.000,AP
2026-08-31 20:46:07,1900-01-00 00:00:00,◤rǝs_ʎɐʞ♡,A6:C0:2B:A6:3B:4E,-43, WPA2 ,0.000000,0.000000,0.000,0.000,AP
2026-08-31 20:46:07,1900-01-00 00:00:00,◤rǝs_ʎɐʞ♡,A6:C0:2B:A6:3B:4E,-43, WPA2 ,0.000000,0.000000,0.000,0.000,AP
2026-08-31 20:46:07,1900-01-00 00:00:00,◤rǝs_ʎɐʞ♡,A6:C0:2B:A6:3B:4E,-43, WPA2 ,0.000000,0.000000,0.000,0.000,AP
2026-08-31 20:46:07,1900-01-00 00:00:00,◤rǝs_ʎɐʞ♡,A6:C0:2B:A6:3B:4E,-34, WPA2 ,0.000000,0.000000,0.000,0.000,AP
2026-08-31 20:46:07,1900-01-00 00:00:00,◤rǝs_ʎɐʞ♡,A6:C0:2B:A6:3B:4E,-43, WPA2 ,0.000000,0.000000,0.000,0.000,AP
2026-08-31 20:46:07,1900-01-00 00:00:00,◤rǝs_ʎɐʞ♡,A6:C0:2B:A6:3B:4E,-43, WPA2 ,0.000000,0.000000,0.000,0.000,AP
2026-08-31 20:46:07,1900-01-00 00:00:00,◤rǝs_ʎɐʞ♡,A6:C0:2B:A6:3B:4E,-43, WPA2 ,0.000000,0.000000,0.000,0.000,AP
2026-08-31 20:46:07,1900-01-00 00:00:00,◤rǝs_ʎɐʞ♡,A6:C0:2B:A6:3B:4E,-43, WPA2 ,0.000000,0.000000,0.000,0.000,AP
2026-08-31 20:46:07,1900-01-00 00:00:00,◤rǝs_ʎɐʞ♡,A6:C0:2B:A6:3B:4E,-43, WPA2 ,0.000000,0.000000,0.000,0.000,AP
2026-08-31 20:46:08,1900-01-00 00:00:00,,88:B1:11:6C:63:8A,-31,,0.000000,0.000000,0.000,0.000,Client
2026-08-31 20:46:08,1900-01-00 00:00:00,◤rǝs_ʎɐʞ♡,A6:C0:2B:A6:3B:4E,-43, WPA2 ,0.000000,0.000000,0.000,0.000,AP
2026-08-31 20:46:08,1900-01-00 00:00:00,◤rǝs_ʎɐʞ♡,A6:C0:2B:A6:3B:4E,-34, WPA2 ,0.000000,0.000000,0.000,0.000,AP
2026-08-31 20:46:08,1900-01-00 00:00:00,◤rǝs_ʎɐʞ♡,A6:C0:2B:A6:3B:4E,-43, WPA2 ,0.000000,0.000000,0.000,0.000,AP
